,f_name,l_name,gender,face,ssn
0,روضة,ذاكر زين راكان,F,system_images/Y27913.jpg,٣ ٣   ٥ ٠ ٤   ٤ ١   ٧ ٩   ٥ ٠   ٥ ٣   ٤
1,وردة,راسخ رائف مهاب,F,system_images/Y27932.jpg,٥ ٨   ٧ ١ ٩   ٧ ١   ٨ ٢   ٤ ٤   ٧ ٩   ٩
2,هدى,ماهر بدر محبوب,F,system_images/Y27944.jpg,٤ ٦   ٧ ٥ ١   ٣ ١   ٦ ٣   ٢ ٣   ٠ ٤   ٣
3,رولا,تامر حارب مسلمة,F,system_images/Y27946.jpg,٨ ٩   ٨ ٧ ٧   ٢ ٤   ٩ ٩   ٠ ٧   ٢ ٢   ٩
4,سها,ساري اسلم نبيه,F,system_images/Y27947.jpg,٦ ٥   ١ ٦ ١   ٣ ٦   ٩ ٢   ٩ ٢   ٤ ٢   ٥
5,انتظار,عقاب أنعم رضي,F,system_images/Y27951.jpg,٧ ٣   ٣ ٠ ٩   ٧ ٥   ٧ ٦   ٠ ٠   ١ ٦   ٥
6,جنا,جمال شاهد أحنف,F,system_images/Y27952.jpg,١ ٥   ٨ ٠ ٨   ٠ ٥   ٩ ٠   ١ ٩   ٨ ٨   ٨
7,شيهانة,عبدالوهاب مجيد حجاب,F,system_images/Y27953.jpg,٤ ٥   ٠ ٣ ٢   ٤ ٤   ٢ ٢   ٠ ٠   ٣ ٤   ٣
8,ظافرة,ثواب مغيرة نبيل,F,system_images/Y27954.jpg,٨ ٥   ٨ ١ ٣   ٩ ٩   ٦ ٨   ٠ ٣   ٤ ١   ٧
9,نشوى,بشارة سارح غريب,F,system_images/Y27956.jpg,١ ٧   ٥ ١ ٤   ٩ ٨   ٨ ٢   ٦ ١   ٧ ٩   ٧
10,حكمت,حصيف بشير هلال,F,system_images/Y27957.jpg,٦ ٥   ٢ ٦ ٧   ٥ ٩   ٨ ٦   ٦ ٢   ٣ ٨   ٦
11,فادية,رجب جودت رائد,F,system_images/Y27961.jpg,٣ ٨   ١ ١ ١   ٤ ٦   ٦ ٣   ٤ ١   ٧ ٣   ١
12,إنصاف,رغال ستار إسماعيل,F,system_images/Y27994.jpg,٣ ٥   ١ ٠ ٢   ٨ ٩   ٢ ٣   ٩ ٥   ٧ ٠   ١
13,عالية,عدوان راكان إدريس,F,system_images/Y27995.jpg,١ ٤   ٥ ٧ ٢   ٠ ٣   ١ ٨   ٩ ٣   ٠ ١   ٨
14,إيمان,رائد فاروق مظفر,F,system_images/Y28046.jpg,٥ ٨   ١ ١ ٥   ٢ ٢   ٦ ٣   ٧ ٦   ٠ ٥   ٧
15,لجين,مزهر أنس فوزي,F,system_images/Y28079.jpg,٥ ٤   ٨ ٧ ٧   ١ ٩   ١ ٤   ٧ ٦   ٧ ٥   ٧
16,بشيرة,رابح أديب نصيف,F,system_images/Y28092.jpg,٤ ٩   ٥ ٨ ٧   ٧ ٩   ٤ ٣   ٠ ٦   ٨ ٠   ٤
17,إقدام,نامي قدامة حسنين,F,system_images/Y28105.jpg,٣ ٩   ٨ ٧ ٠   ٣ ٤   ٨ ٥   ١ ٥   ٦ ٨   ٧
18,تماني,عبدالرشيد ساري كلاب,F,system_images/Y28109.jpg,٠ ١   ١ ٣ ٣   ٥ ٧   ٥ ٥   ٦ ٢   ٨ ٦   ٠
19,سهام,سلمان جمعان شهم,F,system_images/Y28112.jpg,٠ ٦   ٥ ٢ ٧   ٠ ٦   ١ ٤   ٨ ٣   ٤ ٩   ٦
20,ميساء,رمضان بطرس غريب,F,system_images/Y28113.jpg,٤ ١   ٩ ٢ ٠   ١ ٩   ٤ ٣   ٩ ١   ٥ ٣   ٠
21,مساعدة,أخزم أكبر أسد,F,system_images/Y28115.jpg,٢ ٨   ٤ ٣ ٧   ٦ ٢   ٤ ٩   ٧ ٦   ٥ ٦   ٩
22,هيام,خضر نظمي مشعل,F,system_images/Y28149.jpg,٩ ٤   ٨ ١ ٠   ٢ ٤   ٩ ٠   ٣ ٠   ٨ ٦   ٧
23,نهى,رابح هبيرة ضاري,F,system_images/Y28150.jpg,٦ ١   ٦ ٥ ٠   ١ ٦   ٥ ٠   ٧ ١   ٧ ١   ٩
24,فتون,لباب صدام زاكي,F,system_images/Y28178.jpg,٦ ٩   ٨ ٧ ٣   ٨ ٧   ٩ ٧   ٤ ٥   ٠ ٦   ٢
25,شاهدة,ناصر منصف محمد,F,system_images/Y28181.jpg,٨ ٤   ٤ ٧ ٦   ٤ ٣   ٥ ٧   ٣ ٧   ٠ ٥   ٤
26,رند,خليوي ناصر وديع,F,system_images/Y28187.jpg,٤ ٠   ١ ٠ ٦   ٦ ٤   ٤ ٢   ٩ ٩   ٣ ٦   ١
27,أروى,ساعف غسان مرزوق,F,system_images/Y28189.jpg,٤ ٥   ٦ ٤ ١   ٨ ٧   ٤ ٢   ٩ ٠   ١ ٧   ٩
28,عابدة,قداح رجاء شمس الدين,F,system_images/Y28230.jpg,٦ ٢   ٦ ٠ ٩   ٣ ٣   ٧ ٢   ٢ ١   ٨ ٨   ١
29,ظافرة,عبيدة سميح هواري,F,system_images/Y28231.jpg,٤ ٠   ٧ ٨ ٨   ٨ ٠   ٦ ٥   ٩ ٠   ٤ ٦   ٧
30,عابدة,رفيق عنبر عبدالوهاب,F,system_images/Y28232.jpg,٧ ٠   ٠ ٤ ٦   ١ ٥   ٦ ٢   ٢ ١   ٧ ٦   ٥
31,عابدة,نظير مظفر أكثم,F,system_images/Y28251.jpg,٨ ٢   ٢ ٣ ٥   ٧ ٧   ٩ ٩   ٦ ٨   ٩ ٤   ٧
32,بارعة,فهيم طريف قاهر,F,system_images/Y28262.jpg,١ ٠   ٠ ٧ ٢   ٣ ١   ٠ ٠   ٣ ٥   ٤ ٠   ٢
33,نور,عصام مديد جميل,F,system_images/Y28263.jpg,٠ ٤   ١ ٠ ٤   ٠ ٢   ٥ ٥   ٨ ٣   ٤ ٣   ٥
34,رفيف,عدي عبداللطيف معن,F,system_images/Y28266.jpg,٩ ٥   ٤ ٦ ٣   ٧ ٣   ٣ ٣   ٥ ٤   ٧ ١   ٩
35,يسرا,عبدالعليم رعد أجيد,F,system_images/Y28268.jpg,٣ ٥   ٩ ٠ ٠   ٧ ٢   ٥ ٥   ٦ ٦   ٦ ٤   ٧
36,سؤدد,رضي بشير ساطع,F,system_images/Y28269.jpg,٢ ٠   ٢ ٩ ٥   ٤ ١   ٧ ٢   ٢ ٩   ١ ٦   ٥
37,ضياء,دعيج فخر فيض,F,system_images/Y28270.jpg,٤ ٠   ٨ ٥ ٩   ٠ ٥   ٨ ٢   ٤ ٣   ٣ ٧   ٨
38,ياسمين,باتل ستار درغام,F,system_images/Y28272.jpg,٣ ٣   ٦ ٦ ٦   ٣ ٢   ٩ ٠   ٩ ٠   ٥ ٨   ٩
39,إيمان,هادي ربيح جليل,F,system_images/Y28273.jpg,٦ ٤   ٠ ٣ ٤   ١ ٩   ٤ ٢   ٠ ٦   ٧ ٣   ٠
40,ليال,عصمت عزيز منان,F,system_images/Y28274.jpg,٨ ٠   ٧ ٣ ١   ٣ ٦   ٠ ١   ٠ ٨   ٥ ٠   ١
41,عهد,شافي عامر نافع,F,system_images/Y28275.jpg,٤ ٤   ٧ ٢ ٤   ٢ ٤   ٦ ٩   ٨ ٧   ٢ ٦   ٥
42,غرام,عبدالواحد عبدالواحد فالح,F,system_images/Y28289.jpg,٧ ٨   ٦ ٣ ١   ٠ ١   ٤ ٥   ٥ ١   ٤ ٣   ٣
43,رفيعة,هزاع رصين علوان,F,system_images/Y28306.jpg,٣ ٨   ٦ ١ ٥   ٦ ٢   ٠ ٩   ٩ ٣   ٥ ٦   ٥
44,صابرة,أيسر خاتم لباب,F,system_images/Y28307.jpg,٥ ٣   ٥ ٧ ٧   ٨ ١   ٥ ٠   ٤ ٢   ١ ٤   ٦
45,تودد,مخلص وهاب ركين,F,system_images/Y28308.jpg,٣ ٧   ٠ ٨ ٠   ١ ٢   ٩ ٩   ٢ ٨   ٤ ٦   ٨
46,ماريا,جلال وائل أبلج,F,system_images/Y28336.jpg,٢ ٣   ٤ ٧ ٤   ٠ ٩   ٩ ٧   ٠ ٣   ٨ ٢   ٥
47,أمجاد,صائن مزاحم مجير,F,system_images/Y28365.jpg,١ ٤   ٥ ٨ ٣   ٣ ٤   ٩ ١   ٣ ٦   ٤ ٠   ٩
48,بازعة,مقتدي بليغ عز,F,system_images/Y28377.jpg,٧ ٧   ٦ ٠ ٧   ٣ ٣   ٩ ٨   ٣ ٧   ٢ ٠   ٠
49,جنى,مهيب ملهم عبدالودود,F,system_images/Y28405.jpg,٢ ٠   ٦ ٣ ٠   ٥ ٠   ١ ٣   ٨ ٨   ٢ ٣   ٦
50,فردوس,ساجع ذاكر راغد,F,system_images/Y28406.jpg,٩ ٥   ٤ ٩ ٣   ٧ ٣   ٤ ٢   ٠ ٧   ١ ٧   ٨
51,لطفية,شمر قسام سادن,F,system_images/Y28407.jpg,١ ٦   ٨ ٧ ١   ٦ ٩   ٧ ١   ٨ ٠   ٧ ٣   ٥
52,خولة,المثنى ناشر سالم,F,system_images/Y28409.jpg,٩ ٨   ٣ ٥ ٠   ٧ ٨   ٦ ٢   ٠ ٧   ٠ ٣   ١
53,لين,حسن ناظم عقال,F,system_images/Y28411.jpg,٠ ٧   ١ ٢ ٢   ٢ ٢   ٠ ١   ٦ ٧   ٤ ٠   ١
54,ساهدة,ناصيف عفان إدريس,F,system_images/Y28412.jpg,٦ ٦   ١ ٨ ٣   ٩ ٠   ٧ ١   ٥ ٣   ٥ ٩   ٨
55,حصة,مخلف أغيد ساري,F,system_images/Y28414.jpg,٤ ٩   ١ ٥ ١   ٥ ٩   ٩ ٣   ٩ ١   ٨ ٠   ٥
56,جنا,عبادة ساجد شبل,F,system_images/Y28415.jpg,٧ ١   ٦ ٤ ٢   ٩ ٥   ٨ ٤   ٧ ٨   ٢ ٣   ٨
57,غزل,غفار دغيم شكور,F,system_images/Y28416.jpg,٨ ٧   ٨ ٤ ٦   ١ ٠   ٠ ٥   ٧ ٨   ٨ ٦   ٢
58,مخلصة,نصير مهيب نوفل,F,system_images/Y28418.jpg,٢ ٢   ٤ ٢ ٢   ٧ ١   ٣ ٨   ٩ ٦   ٣ ٦   ٥
59,أنغام,حاشد عبدالرحيم بادي,F,system_images/Y28419.jpg,٠ ٨   ٦ ٧ ٤   ٨ ٠   ٣ ٣   ٧ ١   ٤ ٤   ١
60,فتحية,زايد الحبيب حجر,F,system_images/Y28420.jpg,٩ ٦   ٤ ٥ ١   ٨ ٨   ٣ ٢   ٦ ١   ٥ ٤   ٣
61,دانا,عبدالعظيم حارب نسيم,F,system_images/Y28424.jpg,٣ ٠   ١ ٩ ٧   ٤ ١   ٩ ٦   ٢ ٦   ٢ ٩   ١
62,عزة,مظفر عبدالعزيز مجاور,F,system_images/Y28474.jpg,٠ ٣   ٨ ٤ ٣   ٤ ١   ٧ ٦   ٩ ٩   ٠ ١   ٧
63,عالية,أشهم كميت مبارك,F,system_images/Y28512.jpg,٤ ١   ٤ ٨ ٩   ١ ٤   ٥ ٣   ٩ ٣   ٤ ٨   ٦
64,أنغام,مشتاق نديم وارف,F,system_images/Y28517.jpg,٦ ٤   ٠ ٣ ٤   ٦ ١   ٤ ٧   ١ ٥   ٠ ٠   ٣
65,نور,كاظم حيدر مناف,F,system_images/Y28519.jpg,٥ ٨   ١ ٥ ٩   ٩ ٦   ٤ ٤   ٠ ٤   ٦ ٢   ٦
66,عيدة,مبروك حجر مسفر,F,system_images/Y28526.jpg,٢ ٦   ٠ ٢ ٠   ٩ ٤   ٥ ١   ١ ٤   ٧ ٥   ٢
67,البندري,أمين عايض يزيد,F,system_images/Y28542.jpg,٧ ١   ٦ ٤ ٣   ٤ ٨   ١ ٥   ٣ ٨   ٩ ٨   ٣
68,رحيق,تميم رؤوف مشتاق,F,system_images/Y28575.jpg,٤ ٩   ٧ ٢ ٠   ٧ ٤   ٦ ٨   ٨ ٦   ٢ ١   ٤
69,سؤدد,معاذ سعود عزب,F,system_images/Y28576.jpg,١ ٤   ٠ ١ ١   ٥ ٣   ٨ ٣   ١ ٩   ١ ١   ٢
70,جواهر,رفاعة مصطفى مصطفى,F,system_images/Y28577.jpg,٨ ١   ٩ ٢ ٤   ٢ ٩   ٧ ٣   ٢ ٣   ٩ ٩   ٧
71,أنغام,مبرور أهيم شكور,F,system_images/Y28587.jpg,١ ٨   ٤ ٣ ٣   ٩ ٤   ٦ ٨   ٨ ٧   ٥ ٧   ٦
72,آلاء,فالح فليح منقذ,F,system_images/Y28588.jpg,٦ ٥   ٤ ٣ ٢   ٤ ٧   ٦ ٢   ٤ ٦   ٢ ٩   ٠
73,إيناس,سامر نافع هشام,F,system_images/Y28606.jpg,٨ ٩   ٠ ٤ ٣   ٠ ٨   ٨ ٤   ٤ ٠   ٠ ١   ٩
74,أمنية,عثمان غوار أسامة,F,system_images/Y28607.jpg,٢ ٣   ٩ ٦ ٤   ٧ ٨   ٨ ٩   ٣ ٨   ١ ٦   ٧
75,رحيق,باتل فريد رضي,F,system_images/Y28608.jpg,٢ ٣   ٨ ١ ٢   ٥ ٥   ٢ ٩   ٤ ٦   ٩ ٢   ٧
76,صبا,شمر عثمان فتاح,F,system_images/Y28621.jpg,٨ ٩   ٨ ٤ ٩   ٨ ٠   ٢ ٩   ٤ ١   ٧ ٧   ٦
77,عهد,هواري نواس عبدالمجيد,F,system_images/Y28622.jpg,٣ ٠   ٨ ٦ ٣   ٠ ١   ٢ ٣   ٢ ٩   ١ ٨   ٦
78,وميض,راجي راسخ سنان,F,system_images/Y28623.jpg,٩ ٠   ٧ ٨ ٩   ٥ ٠   ٧ ٨   ٣ ٤   ٨ ٠   ٠
79,رسيمة,يزيد عزيز راسم,F,system_images/Y28646.jpg,٠ ٨   ١ ٥ ٨   ٧ ٨   ٧ ٣   ١ ١   ٥ ٣   ٣
80,فدوى,مسيب نوفل فرناس,F,system_images/Y28650.jpg,١ ١   ٦ ٠ ٤   ٦ ٩   ٥ ٤   ٦ ٤   ٢ ٨   ٠
81,تولين,عائذ فهمي مثاب,F,system_images/Y28700.jpg,٠ ٤   ٦ ٠ ٩   ٠ ١   ٣ ٣   ٢ ١   ٧ ٨   ٨
82,زكية,رعد حسون أعسر,F,system_images/Y28703.jpg,٩ ٨   ٤ ٤ ٩   ٠ ٤   ٣ ٢   ٩ ٦   ٧ ٨   ٩
83,تماضر,راجح مدحة عبدالهادي,F,system_images/Y28704.jpg,٠ ٧   ٩ ٧ ١   ٠ ٩   ٨ ٧   ٦ ٨   ٩ ٦   ٦
84,بهيسة,برهان عنتر مبخوت,F,system_images/Y28709.jpg,١ ٥   ٩ ٢ ٢   ٠ ٨   ٥ ٣   ٨ ٠   ٥ ٠   ٩
85,آلاء,قتادة غالي عوف,F,system_images/Y28730.jpg,٥ ٩   ٨ ٢ ٣   ٠ ٧   ٥ ١   ٤ ٢   ٢ ٠   ٩
86,مرهفة,صابر جاسم اسلم,F,system_images/Y28753.jpg,٥ ٠   ١ ٦ ٠   ٢ ٨   ٧ ٣   ٣ ٦   ٨ ٢   ٩
87,زكية,مكين داني زيدان,F,system_images/Y28759.jpg,٧ ٨   ٥ ٧ ٣   ٣ ٦   ٣ ١   ٢ ٥   ٤ ٧   ٧
88,دانا,يحيى منان صافي,F,system_images/Y28767.jpg,١ ٤   ٠ ٦ ٥   ٨ ٢   ٥ ٣   ٣ ٦   ٨ ٤   ٩
89,مصلحة,رائض فيض منصور,F,system_images/Y28782.jpg,٨ ٦   ٢ ٦ ١   ٠ ١   ٣ ٣   ٢ ٢   ٣ ٨   ٦
90,ديما,بهلول محمد فهمي,F,system_images/Y28786.jpg,٨ ٦   ٨ ١ ٢   ٣ ٥   ٧ ٤   ٥ ٢   ١ ٠   ٦
91,سدن,مرحب معتصم صدام,F,system_images/Y28787.jpg,٦ ٣   ٤ ٢ ٩   ٧ ١   ٢ ٦   ٨ ٧   ٦ ٥   ١
92,مها,أدهم فواز مجاور,F,system_images/Y28812.jpg,٧ ٦   ٥ ٥ ٩   ٥ ١   ٧ ٩   ٢ ٠   ٠ ٤   ١
93,رانيا,عبدالمطلب عبده مقبل,F,system_images/Y28844.jpg,٤ ١   ٠ ٠ ٠   ٣ ٤   ٤ ٣   ٧ ٢   ٧ ٥   ٩
94,ميا,معن عبدالرزاق نزار,F,system_images/Y28845.jpg,٤ ٣   ٦ ٥ ٢   ١ ٨   ٤ ٥   ٥ ٨   ٢ ٥   ٧
95,تولين,مسلمة حارب عدلي,F,system_images/Y28846.jpg,٥ ٧   ٠ ٢ ١   ٢ ٤   ٧ ٠   ٢ ٦   ٣ ٠   ٦
96,مهرة,عبدالعزيز صفوان ضياء,F,system_images/Y28847.jpg,٣ ٣   ٥ ٩ ٥   ٤ ٧   ٣ ٢   ٣ ١   ٠ ٨   ٢
97,رواء,فهد جودة غافر,F,system_images/Y28848.jpg,٢ ٢   ٧ ٨ ٥   ١ ٣   ٠ ٠   ١ ٤   ٥ ٣   ٥
98,سهاد,قصي عرفات مجدي,F,system_images/Y28850.jpg,٦ ٨   ٦ ٦ ٦   ٩ ٨   ١ ٧   ٨ ٩   ١ ٢   ٤
99,مسفرة,عبدالباقي ناجي عبدالحفيظ,F,system_images/Y28851.jpg,٩ ٧   ٩ ١ ٧   ٣ ٤   ٢ ٨   ٥ ٩   ١ ٧   ١
100,إحسان,نجدت ليث هيثم,F,system_images/Y28855.jpg,٩ ٦   ٧ ٨ ٣   ٧ ٦   ٨ ٠   ٤ ٧   ٢ ٨   ٤
101,طريفة,رؤوف كاسب ضرام,F,system_images/Y28872.jpg,٨ ٥   ١ ٩ ٠   ١ ٧   ٧ ٢   ٥ ٠   ٨ ١   ٩
102,زاهية,ممدوح عبدالحق بهيج,F,system_images/Y28873.jpg,٤ ٥   ٩ ٥ ٥   ٨ ٦   ٥ ٦   ٤ ٦   ٩ ٣   ٦
103,شاكرة,عكاشة زبير كنعان,F,system_images/Y28914.jpg,٧ ١   ٦ ٦ ٥   ٠ ٧   ٦ ٠   ١ ٧   ٤ ١   ٣
104,ألفت,درغام جدعان رفاعة,F,system_images/Y28915.jpg,٨ ٩   ٨ ٣ ٢   ٩ ٦   ٣ ٢   ٠ ٠   ٢ ٤   ٧
105,رضوة,مستور فكري مدحت,F,system_images/Y28916.jpg,٠ ٧   ٣ ٢ ٠   ٥ ٩   ٠ ٠   ٤ ٥   ٧ ٠   ٥
106,أطياف,ماهر مجاهد ساهر,F,system_images/Y28917.jpg,٧ ٠   ٢ ١ ٢   ٧ ٥   ١ ٨   ٠ ٩   ٨ ٣   ٠
107,فردوس,فيضي أمجد توفيق,F,system_images/Y28918.jpg,٢ ٥   ٥ ٧ ٠   ٦ ٤   ٠ ٢   ٨ ٣   ٧ ٤   ٩
108,شموخ,أسعد جدعان كعب,F,system_images/Y28955.jpg,١ ٨   ١ ٩ ١   ٧ ٠   ٧ ٩   ٠ ٥   ٥ ١   ١
109,رفعة,رويشد أنمار فليح,F,system_images/Y28956.jpg,١ ٢   ٧ ٧ ٠   ٨ ٨   ٣ ٥   ٠ ٩   ٧ ٤   ٧
110,عهود,رضي مثاب عبدالمنان,F,system_images/Y28958.jpg,٣ ٠   ٥ ٢ ٤   ٦ ٥   ٢ ٤   ٣ ٨   ٩ ٨   ٦
111,كبرى,عليان جاسم سبع,F,system_images/Y28959.jpg,٤ ٤   ٣ ٩ ١   ٢ ٧   ٨ ٠   ١ ٤   ٨ ٣   ٦
112,نداء,غفار ذياب غيث,F,system_images/Y28960.jpg,٤ ٠   ١ ٢ ٢   ٩ ٧   ٥ ٤   ٩ ١   ٣ ٩   ٦
113,طيب,فواز الحبيب قطامي,F,system_images/Y28962.jpg,٣ ٢   ٩ ٣ ٩   ٥ ٠   ٠ ٧   ٨ ٦   ٦ ٠   ١
114,نوف,علوان عديل رافع,F,system_images/Y28963.jpg,٧ ٥   ٠ ٧ ٤   ٩ ٨   ٠ ٣   ١ ٦   ٨ ١   ٩
115,ليلى,الخضر زاهد سنان,F,system_images/Y28973.jpg,٧ ٨   ٩ ٦ ٩   ٦ ٩   ٣ ٥   ١ ٣   ٩ ٠   ٧
116,مقبلة,فرحات ورد وهاب,F,system_images/Y28974.jpg,٩ ٥   ٢ ٨ ٤   ٥ ٨   ١ ٧   ١ ٥   ٥ ٤   ٤
117,ديم,ضيغم عرفات أحمد,F,system_images/Y28975.jpg,١ ٢   ٥ ٥ ٠   ٣ ٣   ٥ ٥   ٢ ٨   ٥ ٥   ٦
118,جنا,صهيب عدنان عبدالرشيد,F,system_images/Y29008.jpg,٣ ١   ٧ ٧ ٤   ٥ ٢   ٢ ٤   ٢ ٠   ٩ ٣   ٧
119,عبير,ميثم أشيم ميلاد,F,system_images/Y29041.jpg,٣ ٧   ٥ ٩ ٥   ٤ ١   ٣ ٨   ٧ ٩   ٥ ٨   ٢
120,سامية,ياسر أسد خالص,F,system_images/Y29042.jpg,٢ ٠   ١ ٥ ٧   ٤ ٢   ٩ ٣   ٤ ١   ٢ ٤   ٤
121,فخرية,فكري مغيث كعب,F,system_images/Y29043.jpg,٩ ٠   ٦ ٦ ٢   ٠ ٩   ٣ ٧   ٦ ٧   ٦ ٢   ٢
122,رحاب,عبدالباقي جابر عابد,F,system_images/Y29057.jpg,٢ ٣   ٧ ٠ ٢   ٣ ٢   ٦ ٠   ٣ ٩   ٦ ٠   ٤
123,لبانة,هريرة معاذ سلمة,F,system_images/Y29067.jpg,٠ ٠   ٣ ٥ ٥   ٩ ٨   ٤ ٥   ٤ ٣   ٤ ٣   ٦
124,الجوهرة,كنان شافع ظاهر,F,system_images/Y29068.jpg,٦ ٦   ٠ ٠ ٧   ٦ ٨   ٢ ٦   ٨ ١   ٨ ٥   ٠
125,هبة,عمير عوف نظير,F,system_images/Y29069.jpg,٢ ٢   ٨ ١ ٨   ٦ ٢   ٠ ٧   ٢ ٤   ٩ ٤   ٠
126,فاتن,قتادة عبدالباسط إحسان,F,system_images/Y29070.jpg,٣ ٠   ٥ ٦ ٤   ١ ٦   ٦ ٣   ٤ ٥   ٥ ٤   ١
127,نهلة,مهاب شيبان زاخر,F,system_images/Y29071.jpg,٤ ٨   ٨ ٣ ٥   ١ ٨   ٤ ٣   ٥ ٤   ٩ ١   ٤
128,لجينة,نورس عاطف مبارك,F,system_images/Y29072.jpg,٠ ٣   ٤ ٢ ١   ٩ ٢   ٧ ٦   ٥ ٢   ٤ ٥   ٢
129,العنود,معاد عصام شادي,F,system_images/Y29073.jpg,٣ ٩   ٣ ٠ ٥   ٦ ٤   ٠ ٦   ١ ٠   ٩ ٤   ٩
130,مجاهدة,قطامي عبدالكريم سليم,F,system_images/Y29074.jpg,٣ ٢   ٣ ٤ ١   ٨ ٤   ١ ٦   ٦ ٩   ٨ ١   ٨
131,نشوة,صدام صائن بادي,F,system_images/Y29075.jpg,٧ ٥   ١ ٧ ٥   ٥ ٦   ٨ ٨   ٣ ٧   ٨ ٥   ٢
132,أنيسة,مسفر قابوس إيهاب,F,system_images/Y29076.jpg,٧ ٧   ٨ ٨ ٣   ٢ ٣   ٦ ٩   ٠ ٨   ٣ ٥   ٥
133,انسجام,مغيث مبخوت عتاب,F,system_images/Y29100.jpg,٤ ٨   ٨ ١ ١   ٦ ٠   ٤ ٧   ٧ ١   ٧ ٤   ٥
134,سؤدد,أنمار معتوق رجب,F,system_images/Y29161.jpg,٣ ٧   ٤ ٤ ٧   ٦ ٦   ٢ ٦   ٦ ٧   ٨ ٩   ٠
135,أنسام,أجاويد نسيم بارع,F,system_images/Y29177.jpg,٤ ٩   ٩ ٠ ٩   ٣ ٤   ٤ ٥   ٥ ٢   ٢ ١   ٠
136,البتول,عقبة وليد داني,F,system_images/Y29188.jpg,٩ ٨   ٩ ٠ ٤   ٢ ٤   ٠ ٨   ٦ ٤   ٧ ٢   ٣
137,طيف,بكري صارم رضوان,F,system_images/Y29196.jpg,٣ ٣   ٧ ٠ ١   ١ ١   ٥ ٧   ٩ ٥   ٩ ٩   ٩
138,ربى,مخلص إياد ناشر,F,system_images/Y29214.jpg,١ ٥   ٣ ٦ ٥   ٢ ٥   ٢ ٤   ٩ ٢   ٠ ٢   ٩
139,أنغام,غزوان شكري نوفل,F,system_images/Y29224.jpg,٠ ١   ٨ ٦ ٩   ٤ ٦   ٣ ٦   ٢ ٠   ٧ ٩   ٥
140,كاظمة,دعيج فيضي أكمل,F,system_images/Y29225.jpg,٧ ٢   ٠ ٠ ١   ٣ ٦   ٣ ٢   ٦ ٣   ٣ ٩   ٩
141,أطياف,بهلول وليد سلامة,F,system_images/Y29226.jpg,٤ ٢   ٩ ٧ ٧   ٢ ٧   ٦ ٤   ٨ ٩   ٥ ٣   ١
142,ثويبة,فهد رمضان منصور,F,system_images/Y29227.jpg,٥ ٦   ٢ ٤ ٥   ٤ ٢   ٨ ١   ٩ ٤   ٤ ٣   ٧
143,نور,مصباح ركين قطامي,F,system_images/Y29228.jpg,٢ ٨   ٥ ٨ ١   ٣ ١   ٢ ٠   ٨ ٩   ٩ ٢   ٧
144,هنادي,أيهم نبيل بكار,F,system_images/Y29230.jpg,٣ ٤   ٤ ٧ ٣   ٢ ٥   ٦ ٠   ٠ ٤   ٧ ٢   ٦
145,ميمونة,معد نائل يحيى,F,system_images/Y29231.jpg,٧ ٥   ٧ ٨ ١   ١ ١   ٠ ٧   ٣ ٠   ٥ ٥   ٥
146,رسمية,شمس الدين أرقم سميح,F,system_images/Y29232.jpg,٣ ٨   ٨ ٦ ١   ٨ ٥   ٥ ٨   ٢ ٩   ٢ ٢   ٥
147,قمر,مناع نوفل قابس,F,system_images/Y29243.jpg,٣ ٧   ٦ ٠ ٥   ٠ ٣   ٠ ١   ٤ ٤   ٥ ٧   ٦
148,الجازي,جلال رويشد ظفير,F,system_images/Y29251.jpg,٦ ١   ٥ ٠ ٢   ٦ ٥   ٣ ١   ٦ ٨   ٤ ٣   ٨
149,جمانة,فليح رائض مغيرة,F,system_images/Y29252.jpg,٠ ٧   ٢ ٥ ٤   ٦ ١   ٥ ٦   ٨ ٩   ٦ ٠   ٨
150,حصة,كريم لبيد حازم,F,system_images/Y29254.jpg,٧ ٤   ٨ ٦ ٦   ٣ ٥   ٦ ٦   ٢ ٧   ٢ ١   ٣
151,أمينة,عائض محسن محبوب,F,system_images/Y29265.jpg,٥ ٨   ٠ ٦ ٩   ٠ ٣   ١ ٦   ٤ ٠   ٢ ٦   ٨
152,ريهام,متعب مأمون ناصح,F,system_images/Y29275.jpg,٧ ٩   ٨ ٣ ٥   ٨ ٢   ٦ ٨   ٣ ٢   ٦ ٧   ٨
153,رزان,عماد قدامة إمام,F,system_images/Y29294.jpg,٩ ٦   ٣ ٣ ٩   ٢ ٩   ٧ ٦   ٢ ٨   ٠ ٩   ٠
154,رابعة,أخضر رضا صفوت,F,system_images/Y29295.jpg,٨ ٨   ٨ ١ ٨   ٤ ٣   ١ ٥   ٦ ٦   ٩ ٥   ٣
155,نجيبة,مصطفى عفيف قابس,F,system_images/Y29296.jpg,٣ ٦   ١ ٣ ٨   ٩ ٨   ٦ ١   ٧ ٢   ٤ ٣   ٣
156,منصفة,مجتبى عقاب نصار,F,system_images/Y29306.jpg,٣ ٧   ٣ ٥ ٥   ٢ ٧   ٥ ٢   ٣ ٥   ٨ ٧   ٨
157,ناهد,إسلام عبدالنور شبل,F,system_images/Y29360.jpg,٦ ٨   ٣ ٦ ٣   ٦ ٠   ٦ ١   ٦ ٧   ٢ ٥   ٨
158,بشرى,إسحاق رافق ركان,F,system_images/Y29369.jpg,٢ ٥   ٤ ٤ ٢   ٤ ٦   ٢ ٠   ٩ ٢   ٥ ٩   ٤
159,سعيدة,أشيم شجاع نزار,F,system_images/Y29371.jpg,٦ ٥   ٧ ٧ ٨   ٦ ٣   ١ ٨   ٢ ٦   ٦ ٠   ٦
160,أم كلثوم,أزور عزب سبع,F,system_images/Y29372.jpg,٢ ٧   ٤ ٥ ٧   ٠ ٩   ٦ ١   ٦ ٨   ٩ ٤   ٠
161,ناشئة,عراد حسنين تغلب,F,system_images/Y29378.jpg,٠ ٠   ٥ ٥ ٦   ٢ ٣   ٠ ٦   ٩ ٣   ٦ ٦   ٠
162,ضياء,مهدي عليان زاخر,F,system_images/Y29379.jpg,٣ ٨   ١ ٩ ٠   ٣ ٤   ٥ ٥   ٧ ٥   ٧ ٤   ٠
163,فاتن,نسيب شداد سيار,F,system_images/Y29381.jpg,٥ ٧   ٣ ٧ ١   ٨ ٧   ٦ ٩   ٠ ١   ٥ ٤   ٩
164,سبيعة,غالي تواب زاهد,F,system_images/Y29382.jpg,٣ ٤   ٩ ٧ ٢   ٤ ٤   ٠ ١   ١ ١   ٥ ٢   ٣
165,فريدة,حمزة مأمون عبدالشكور,F,system_images/Y29383.jpg,٦ ٩   ٧ ٦ ٥   ٣ ١   ٦ ٧   ١ ٠   ٥ ١   ٠
166,غيثة,صاعد تيسير ذعار,F,system_images/Y29459.jpg,٦ ٤   ٦ ٧ ٦   ١ ٤   ٣ ٧   ٩ ٠   ٢ ٢   ٧
167,بليغة,مدلج أمير فرحات,F,system_images/Y29463.jpg,٥ ٤   ٩ ٦ ٥   ١ ٢   ٢ ٦   ٢ ١   ٦ ٩   ٢
168,حكمت,مارسيل أويس فهيد,F,system_images/Y29481.jpg,٢ ٩   ٢ ٩ ١   ٧ ١   ٧ ٨   ١ ٢   ٦ ٩   ٩
169,ميمونة,رائد سلمة مدلج,F,system_images/Y29489.jpg,٨ ١   ٧ ٠ ٣   ٨ ٥   ٧ ٠   ١ ٥   ٥ ٠   ٦
170,نضال,فهيد أمية معتوق,F,system_images/Y29503.jpg,١ ٧   ٧ ٣ ٨   ٧ ٣   ٣ ٩   ٤ ٨   ٣ ٢   ٣
171,رغد,أصيل لمعي إياس,F,system_images/Y29504.jpg,٢ ١   ٩ ١ ٥   ٣ ١   ٣ ٣   ٩ ٧   ٢ ٧   ٨
172,طيب,قتادة فرحان فوزي,F,system_images/Y29505.jpg,٦ ١   ٣ ٨ ٦   ٩ ٦   ٨ ٣   ٧ ١   ٨ ٠   ٧
173,أثيل,عبدالقدوس عماد عمارة,F,system_images/Y29506.jpg,٧ ٥   ٦ ٨ ٤   ٤ ٤   ٥ ٧   ٣ ٢   ٨ ٧   ٢
174,سمية,كاسب رزين عبدالخالق,F,system_images/Y29507.jpg,١ ٩   ٢ ٨ ٤   ٢ ٥   ٧ ٥   ٢ ٦   ٩ ٠   ٠
175,رسيمة,عبدالله فارس خباب,F,system_images/Y29508.jpg,٢ ٧   ٦ ٧ ٣   ١ ١   ٨ ٥   ٨ ٦   ٧ ٦   ٢
176,سمر,رضوان مجير صاعد,F,system_images/Y29510.jpg,٢ ٣   ٥ ٦ ١   ٧ ٩   ١ ٨   ٩ ٧   ٤ ٥   ١
177,ميساء,عبدالسلام قائد ضاوي,F,system_images/Y29518.jpg,٦ ١   ٤ ٥ ١   ٩ ٠   ٨ ٢   ٩ ١   ٠ ٨   ٠
178,كفى,حنظلة داود رفيع,F,system_images/Y29521.jpg,٩ ٩   ٨ ٣ ٩   ٧ ٩   ٧ ٨   ٢ ٥   ٠ ٥   ٠
179,أفراح,علي محبوب شادي,F,system_images/Y29526.jpg,٦ ٦   ٢ ٩ ٦   ١ ٣   ٦ ٧   ٠ ٢   ٤ ٦   ٠
180,جبرة,حسام دريد تائب,F,system_images/Y29567.jpg,٦ ٩   ١ ١ ٥   ٩ ٥   ٥ ٦   ٤ ٢   ١ ٧   ٢
181,خولة,قثم عاكف عبدالشكور,F,system_images/Y29578.jpg,١ ٠   ١ ٠ ١   ٢ ٦   ٩ ٤   ٣ ١   ٧ ٥   ٨
182,إكليل,حماد عراب تيسير,F,system_images/Y29588.jpg,٩ ١   ٣ ٠ ٧   ٠ ٣   ٨ ١   ٠ ٧   ٣ ٧   ٢
183,عائذة,حارب جليل عبيد,F,system_images/Y29642.jpg,٣ ٥   ٠ ٩ ٣   ٣ ٣   ٩ ٢   ٣ ٥   ٦ ١   ٥
184,سجى,مشاري نواف شافع,F,system_images/Y29643.jpg,٧ ٤   ٤ ٣ ٨   ٨ ٥   ٥ ١   ٥ ٦   ٤ ٥   ٨
185,سمراء,مقبل عواد مطيع,F,system_images/Y29645.jpg,٥ ٨   ٠ ٧ ٥   ٣ ٣   ٦ ٢   ٥ ٨   ٨ ٠   ٧
186,منيبة,مزن عباد غوث,F,system_images/Y29647.jpg,٨ ٢   ٥ ٣ ٥   ٤ ٧   ٧ ٦   ٥ ٥   ٠ ٦   ٦
187,بسمة,مسيب تقي عبدالرحمن,F,system_images/Y29648.jpg,٠ ٨   ٣ ٢ ٣   ٦ ٤   ٤ ١   ٥ ٠   ٨ ٣   ٧
188,وميض,هانئ كميت صادر,F,system_images/Y29649.jpg,٩ ٨   ٤ ٣ ٧   ٢ ٨   ٢ ٧   ٩ ٢   ٤ ٢   ٧
189,أم كلثوم,محمود شاهر كهلان,F,system_images/Y29650.jpg,٩ ٦   ٩ ٩ ١   ٣ ٦   ٦ ٤   ٢ ٠   ٤ ٨   ٨
190,كاملة,أنمار شبيب عزيز,F,system_images/Y29652.jpg,٩ ٤   ٢ ٩ ٨   ٠ ٣   ٩ ٥   ٣ ٤   ٨ ٥   ٠
191,دينا,نوري فائق رجاء,F,system_images/Y29653.jpg,٩ ٨   ٤ ٠ ٥   ٠ ٧   ٤ ٥   ٩ ٠   ٧ ٦   ٠
192,بيان,سليم مطاع مبرور,F,system_images/Y29654.jpg,٠ ٠   ٤ ٢ ٢   ٧ ٣   ١ ٩   ٩ ٥   ٥ ٧   ٦
193,ظافرة,رغيب عبده يحيى,F,system_images/Y29676.jpg,٦ ٨   ٢ ٦ ٠   ٥ ٩   ٦ ٥   ٧ ٠   ٧ ٠   ٦
194,رابعة,شافع بارح عبدالعليم,F,system_images/Y29697.jpg,٨ ٧   ٢ ٦ ٦   ٧ ٥   ٣ ٠   ٨ ١   ٢ ١   ٥
195,خزينة,عبدالكريم رشيق حمزة,F,system_images/Y29722.jpg,١ ٦   ٩ ٩ ١   ٤ ٣   ٠ ٦   ٠ ٩   ٨ ٦   ٠
196,نصر,صادر أشرف كعب,F,system_images/Y29730.jpg,٤ ٨   ٧ ٣ ٢   ٣ ٢   ٥ ٧   ٣ ٥   ٦ ٦   ٠
197,ريمة,قطب رسول حفص,F,system_images/Y29736.jpg,٣ ٩   ٣ ٩ ٦   ٧ ٧   ١ ٤   ٨ ٦   ٨ ٩   ٤
198,نوال,وهاب لماح معتصم,F,system_images/Y29738.jpg,٣ ٩   ١ ٤ ٨   ٩ ٢   ٣ ٢   ١ ٠   ٥ ٩   ٩
199,رواء,بكر مسيب سبع,F,system_images/Y29754.jpg,٢ ٦   ٠ ١ ٤   ٦ ٠   ١ ٠   ١ ٩   ٠ ٩   ٣
200,فاتن,رصين بديع منيع,F,system_images/Y29755.jpg,٧ ٩   ٥ ١ ٨   ٥ ٤   ٢ ١   ٦ ٢   ٩ ٩   ٦
201,أغاريد,وليد جازم يحيى,F,system_images/Y29756.jpg,٢ ٦   ٤ ٥ ١   ١ ٤   ٩ ٣   ٥ ٩   ٦ ٦   ٦
202,لانا,رزين قتيبة ساري,F,system_images/Y29765.jpg,٣ ٢   ٢ ٨ ٥   ٧ ٢   ٠ ٥   ٨ ٥   ٢ ٤   ٦
203,مناصف,منصور هانئ نواس,F,system_images/Y29767.jpg,٢ ٤   ٠ ٨ ٧   ٦ ٥   ١ ٢   ٤ ٢   ٥ ٣   ٥
204,ليالي,بكار عبده راتب,F,system_images/Y29768.jpg,٠ ١   ٤ ٠ ٩   ٣ ٢   ٣ ٩   ٠ ٦   ٨ ٧   ٤
205,نورس,عدوان فرحات غزوان,F,system_images/Y29769.jpg,٤ ٠   ٨ ١ ٠   ١ ٥   ٧ ٢   ٣ ٢   ٨ ٦   ٢
206,أنيسة,وهب راشد عبدالواحد,F,system_images/Y29770.jpg,٧ ٣   ٢ ٦ ٩   ٣ ٦   ٩ ٥   ٧ ٧   ٠ ٢   ٨
207,قنوت,أدغم محمد عبده,F,system_images/Y29771.jpg,٩ ٤   ٩ ٢ ٩   ٤ ٤   ٢ ٠   ٤ ٥   ٠ ٣   ٩
208,زينب,ناصح بشير عبدالرشيد,F,system_images/Y29772.jpg,٦ ٩   ٦ ٨ ٦   ٥ ٦   ١ ٣   ٧ ١   ٤ ٦   ٣
209,إصلاح,تمام رغيد زاخر,F,system_images/Y29774.jpg,٤ ٦   ٦ ٦ ٨   ٨ ٤   ٠ ٥   ٥ ٤   ٦ ٧   ١
210,ريماس,فارس برهان شعيب,F,system_images/Y29786.jpg,٠ ٤   ٦ ٠ ٨   ٢ ٠   ٧ ٦   ١ ٩   ٩ ٦   ٤
211,ممدوحة,عبدالحميد زاخر صادح,F,system_images/Y29787.jpg,١ ٦   ٢ ٣ ٨   ٥ ٠   ٢ ٠   ١ ٢   ٠ ٥   ٣
212,نوار,مساعد طاهر عديل,F,system_images/Y29796.jpg,٧ ٥   ٧ ٩ ٧   ٤ ٦   ٤ ٢   ٥ ٣   ٧ ٠   ١
213,إنعام,عبدو راغد مغيث,F,system_images/Y29799.jpg,٥ ٩   ٢ ٢ ٢   ٣ ٨   ٧ ٧   ٧ ٠   ٠ ٢   ٣
214,لولوة,عبدالظاهر ساجي فرحان,F,system_images/Y29896.jpg,٤ ٤   ١ ٨ ٤   ٣ ٩   ٦ ٥   ٧ ١   ٧ ٩   ١
215,أمامة,أغيد منعم تيسير,F,system_images/Y29897.jpg,٢ ٠   ٣ ٣ ٨   ١ ٩   ٥ ٢   ٢ ٥   ٢ ٣   ٤
216,ريحانة,سليم نادر علاء,F,system_images/Y29905.jpg,٤ ٠   ٣ ١ ٦   ٢ ٧   ٠ ٧   ٤ ٣   ٩ ٢   ٤
217,كاتيا,مجتبى عجرم آدم,F,system_images/Y29907.jpg,٨ ٧   ٢ ٠ ١   ٠ ٥   ٩ ٠   ٧ ٢   ١ ١   ٥
218,مرهفة,إياس أدهم مهيوب,F,system_images/Y29922.jpg,٦ ٥   ٤ ٢ ٤   ٩ ٨   ٩ ٨   ٤ ٩   ٨ ٣   ٧
219,إيمان,ريان زيد فتح,F,system_images/Y29981.jpg,١ ٨   ٧ ٣ ١   ٥ ١   ٤ ٩   ٦ ٤   ٧ ٣   ٨
220,إصلاح,ظاهر أسعد قادر,F,system_images/Y29999.jpg,٠ ٨   ٧ ٤ ٥   ٧ ٢   ٧ ٦   ١ ٩   ٦ ٤   ٨
221,ناجحة,فريج حجاج إياد,F,system_images/Y30017.jpg,٤ ٣   ٢ ٥ ١   ٥ ٧   ١ ١   ٨ ٠   ٢ ٩   ٣
222,جنا,باسم عبدالباقي عبدالرحمن,F,system_images/Y30024.jpg,٠ ٥   ٨ ٢ ٦   ٧ ٧   ٥ ٠   ٨ ٧   ٠ ٠   ٦
223,بهيجة,مرتضى هاني ستار,F,system_images/Y30025.jpg,٠ ٩   ٩ ٧ ٧   ٩ ٢   ٤ ٠   ٢ ١   ٦ ٨   ٩
224,عذبة,سامر بطاح حمد,F,system_images/Y30026.jpg,١ ٣   ١ ١ ٦   ٥ ٧   ٩ ٤   ٤ ٩   ٤ ١   ٨
225,سمة,أكمل عبده قادر,F,system_images/Y30027.jpg,٦ ٥   ٨ ٠ ٦   ٦ ٣   ٢ ٨   ٥ ٣   ٣ ٧   ٧
226,صفاء,صهيب مظهر إدريس,F,system_images/Y30028.jpg,٤ ٠   ٥ ٥ ٣   ٤ ٢   ٧ ٤   ٢ ٣   ٢ ٩   ١
227,زهور,ريان حسنين خزعل,F,system_images/Y30029.jpg,١ ٠   ٥ ٥ ١   ٨ ٢   ٠ ٤   ٤ ٤   ٥ ٣   ٢
228,فاطمة,مناع عياش ثائب,F,system_images/Y30030.jpg,٤ ٨   ٨ ٩ ٣   ٦ ٩   ٩ ٠   ٩ ١   ٤ ٣   ٦
229,موزة,هلال حزم عاكف,F,system_images/Y30056.jpg,٣ ٥   ٥ ٦ ٥   ٩ ٧   ٠ ٢   ٣ ١   ٥ ٦   ٤
230,تيماء,قصي فراس مصلح,F,system_images/Y30082.jpg,٦ ٩   ٦ ٢ ٢   ٢ ٨   ٨ ٢   ٢ ٣   ٨ ٣   ٣
231,مناصف,لطيف نجيب شيبة,F,system_images/Y30097.jpg,٤ ٤   ٤ ١ ٧   ٠ ٤   ١ ٣   ٢ ٢   ٧ ٩   ٥
232,متام,زايد محبوب ساهد,F,system_images/Y30108.jpg,٦ ٢   ٣ ٨ ٦   ١ ٧   ٠ ٧   ٥ ٧   ٣ ٤   ٧
233,ميرا,عز عقل مقتدي,F,system_images/Y30133.jpg,٦ ٨   ٩ ٣ ٦   ٦ ٣   ١ ٠   ٩ ٦   ٧ ٩   ٥
234,أطياف,مبرور رشيد مديد,F,system_images/Y30149.jpg,٩ ٩   ٠ ٥ ٧   ٤ ٥   ٠ ٨   ٨ ١   ٤ ٧   ٥
235,يسرا,أيهم عليم صميم,F,system_images/Y30151.jpg,٤ ٤   ٥ ٥ ٧   ٣ ٥   ٩ ٦   ٥ ١   ٧ ٧   ٦
236,رفيف,عياش حكيم قعقاع,F,system_images/Y30152.jpg,٠ ٠   ٢ ٥ ٠   ١ ٠   ٢ ٣   ٢ ٥   ٨ ٠   ٣
237,بارية,أغيد تميم ناشئ,F,system_images/Y30157.jpg,٣ ٣   ٠ ٤ ٧   ٩ ١   ٤ ٥   ٠ ٤   ٥ ١   ٥
238,لارا,أهيم فاتح نجم,F,system_images/Y30159.jpg,٠ ٤   ٤ ٢ ٥   ٦ ٧   ٩ ٠   ٧ ٠   ٤ ٥   ٥
239,منيبة,معاذ فاتح منير,F,system_images/Y30160.jpg,٣ ٥   ٠ ٨ ٦   ٩ ٤   ٠ ٠   ٣ ٣   ٨ ٥   ٠
240,شجن,مرداس عيضة ساهد,F,system_images/Y30166.jpg,٤ ٣   ١ ١ ٥   ٣ ١   ٠ ٥   ٣ ٨   ٤ ٧   ٨
241,لانا,بهيج برهان جبر,F,system_images/Y30167.jpg,٨ ٨   ٤ ٢ ٤   ٧ ١   ٣ ٧   ٠ ٤   ٧ ٢   ٤
242,سدر,رافع بلال صائن,F,system_images/Y30168.jpg,٨ ٨   ٦ ٢ ٧   ٧ ٩   ١ ٠   ٢ ٨   ٥ ٨   ٩
243,سهاد,فاتح مراد مدثر,F,system_images/Y30252.jpg,٩ ٩   ٦ ٦ ٦   ٢ ٤   ٩ ٣   ٩ ٩   ٦ ٩   ٢
244,نهلة,سامي لباب أنور,F,system_images/Y30268.jpg,٠ ٩   ٩ ٠ ٥   ٠ ٧   ١ ٢   ٠ ٩   ٥ ٠   ٢
245,رحمة,قتيبة كليب لماح,F,system_images/Y30269.jpg,٢ ٨   ٦ ٨ ٨   ٦ ٥   ٩ ٩   ٦ ٢   ١ ٢   ٦
246,هالة,عراد سيد إسحاق,F,system_images/Y30271.jpg,١ ٧   ٢ ٨ ٧   ٧ ٧   ٠ ٣   ٧ ٠   ١ ٨   ٦
247,سهيلة,نوح مجاور مقتدي,F,system_images/Y30272.jpg,٩ ٦   ٠ ٥ ٧   ٠ ١   ٦ ٢   ٩ ٠   ٣ ٨   ٨
248,انسجام,جبر منتظر ناصر الدين,F,system_images/Y30274.jpg,٦ ٩   ١ ٨ ١   ٤ ٣   ١ ٢   ٨ ٤   ٠ ٨   ٥
249,معينة,نوري إسلام أبو بكر,F,system_images/Y30278.jpg,٩ ٢   ٢ ٨ ١   ٩ ١   ٤ ١   ٠ ٧   ٣ ٦   ٠
250,لؤلؤة,فتاح حامد مصعب,F,system_images/Y30279.jpg,٧ ٥   ١ ٩ ٦   ٢ ٣   ٦ ١   ١ ٤   ٠ ٣   ٨
251,ثويبة,أخضر خطاب أنس,F,system_images/Y30280.jpg,١ ٢   ٥ ٦ ٢   ٠ ٤   ٣ ٠   ١ ٢   ٤ ٣   ٩
252,رسيل,عروة جودة مجدي,F,system_images/Y30287.jpg,٠ ٢   ٥ ٥ ٥   ٥ ٩   ٢ ٤   ٥ ٠   ٠ ٣   ٤
253,طيف,صمصام بطاح إمام,F,system_images/Y30288.jpg,٥ ٠   ١ ٢ ٠   ٤ ٠   ٢ ٠   ٢ ٧   ٩ ٧   ٨
254,قنوت,ناصح نجدت أشرم,F,system_images/Y30295.jpg,٨ ٤   ٧ ١ ٠   ٩ ٢   ٥ ٢   ٠ ٣   ٢ ٢   ٣
255,طيف,مجاور أبو بكر ربيح,F,system_images/Y30328.jpg,٥ ١   ٣ ٠ ٥   ٨ ٠   ٣ ٩   ٩ ٩   ١ ٤   ٤
256,سها,دهيم محيا عبدالعزيز,F,system_images/Y30330.jpg,٣ ٥   ٢ ٣ ٧   ٠ ١   ٠ ٤   ٧ ٦   ٣ ١   ٢
257,فاطمة,دغيم عبيدة مقتدي,F,system_images/Y30333.jpg,٣ ٥   ٠ ٠ ٨   ١ ٥   ٦ ٧   ٧ ٨   ٣ ٢   ٤
258,بثينة,حارب حامد مشعل,F,system_images/Y30334.jpg,٠ ٩   ٧ ٠ ٦   ١ ٦   ٠ ٢   ٢ ٩   ٧ ٦   ٥
259,هند,رؤوف معاد مبارك,F,system_images/Y30340.jpg,٣ ٩   ٤ ٢ ٩   ٩ ٩   ٩ ٤   ٨ ٩   ٣ ١   ٠
260,بهيجة,مزاحم ثروت عجاج,F,system_images/Y30349.jpg,٩ ٢   ٢ ٣ ٧   ٥ ٣   ٦ ٣   ٣ ٨   ٩ ٥   ٥
261,بارعة,جميل رمضان رسمي,F,system_images/Y30373.jpg,٩ ٣   ٦ ٤ ٩   ١ ١   ١ ٠   ٦ ٢   ٣ ٨   ٣
262,بادرة,ذبيان فريد أنور,F,system_images/Y30379.jpg,٤ ٦   ٥ ٦ ٨   ٦ ٦   ٨ ٣   ٠ ٦   ٣ ٥   ٣
263,قنوت,عبدالكريم بدر سيد,F,system_images/Y30435.jpg,٣ ٨   ٧ ٤ ٦   ٧ ٤   ٩ ٣   ٦ ٤   ٠ ٢   ٤
264,نورهان,فكري مسلمة غنيم,F,system_images/Y30472.jpg,٣ ٨   ٧ ١ ٣   ٢ ٢   ٦ ٢   ٢ ٤   ٠ ٧   ٦
265,نزيهة,ركان شمر رجاء,F,system_images/Y30481.jpg,٨ ٣   ٩ ٨ ٢   ٤ ٨   ٣ ٢   ٧ ٦   ٨ ٨   ٩
266,عاطفة,ضياء مجاور سعد,F,system_images/Y30482.jpg,٨ ٦   ٦ ٢ ٤   ٠ ٤   ١ ٢   ١ ١   ٤ ٧   ٧
267,فوزية,منان صباح مزهر,F,system_images/Y30496.jpg,٥ ٩   ٢ ٩ ١   ٥ ٠   ٦ ٧   ٨ ١   ٢ ٦   ٠
268,طيف,جساس معين الدين أمجد,F,system_images/Y30498.jpg,٦ ٤   ٤ ٠ ٠   ٧ ٠   ٠ ٩   ٨ ٧   ٩ ٨   ٠
269,ود,مكين فؤاد أحمد,F,system_images/Y30504.jpg,٣ ٠   ٨ ٢ ١   ٥ ٥   ٧ ٢   ٠ ٢   ٢ ٥   ١
270,ريتا,رائد باتل قداح,F,system_images/Y30505.jpg,٧ ٢   ٨ ٧ ٢   ٧ ٠   ٥ ٢   ٦ ٠   ١ ٨   ٧
271,بسمة,مظهر أعسر مكين,F,system_images/Y30524.jpg,٣ ٢   ١ ٢ ٢   ٧ ٧   ٨ ٨   ٩ ٠   ٢ ٩   ١
272,نوار,زاكي مغيرة أخضر,F,system_images/Y30531.jpg,٦ ٩   ٨ ٦ ٨   ٧ ٣   ٥ ٥   ٣ ٢   ١ ١   ٠
273,نشوى,مصعب هائل وهبة,F,system_images/Y30532.jpg,٢ ٥   ٣ ٢ ٦   ٢ ١   ٨ ١   ٠ ٢   ٣ ٤   ٢
274,ميمونة,فيضي رافي ضاهر,F,system_images/Y30541.jpg,٧ ٣   ٢ ٣ ٨   ٥ ٥   ٢ ٠   ٦ ٥   ٣ ٠   ٥
275,رسمية,قابوس مطلب برهان,F,system_images/Y30552.jpg,٤ ٤   ١ ٨ ٢   ٠ ٣   ٢ ٦   ١ ٤   ٨ ٣   ٠
276,إجلال,شوقي سهل معاذ,F,system_images/Y30559.jpg,٦ ٨   ٣ ٧ ٤   ٢ ٦   ٩ ٢   ٢ ١   ٩ ٤   ٨
277,هدير,متعب فتيح معمر,F,system_images/Y30562.jpg,٩ ٥   ٥ ٢ ٠   ٤ ٩   ٣ ٠   ٤ ١   ٣ ٧   ٣
278,مسفرة,شافي عشير نمر,F,system_images/Y30568.jpg,٣ ٢   ٢ ٤ ٧   ٥ ٨   ٣ ٨   ٤ ٠   ٩ ٩   ١
279,مي,جراح فوزي ياسر,F,system_images/Y30569.jpg,٤ ١   ٢ ٦ ٠   ٧ ٨   ٠ ٦   ٨ ٤   ٥ ٥   ٨
280,لمياء,وهاب شاهر ناشد,F,system_images/Y30571.jpg,٢ ٣   ٦ ٣ ٢   ٧ ٣   ٠ ٤   ٩ ٨   ٧ ٧   ٧
281,زهرة,أحمد ناظم صابر,F,system_images/Y30572.jpg,١ ٥   ٣ ٤ ٢   ٩ ٤   ٨ ٨   ٣ ٣   ٤ ٤   ٥
282,ريما,رفيق كامل مأمون,F,system_images/Y30621.jpg,٢ ١   ٣ ٤ ٦   ٩ ٥   ٩ ٢   ٣ ٩   ١ ٨   ٥
283,طامحة,راجح عبدالحليم معين الدين,F,system_images/Y30629.jpg,٣ ٩   ٦ ٨ ٢   ٩ ٩   ٧ ٧   ٧ ٥   ٥ ١   ٣
284,منار,مسيب حنبل عويس,F,system_images/Y30682.jpg,٧ ١   ٢ ٤ ٤   ٧ ٢   ٩ ٧   ٨ ٤   ٥ ٣   ٢
285,أنغام,أمان زغلول عطا,F,system_images/Y30684.jpg,٤ ٣   ٩ ٣ ٠   ٦ ٥   ٧ ٩   ٧ ٥   ٨ ٦   ٤
286,جمانة,منصور فارس مطر,F,system_images/Y30721.jpg,٠ ٠   ٥ ٤ ٨   ٥ ٤   ١ ٠   ٢ ٤   ٣ ٠   ٦
287,هدى,عدلي نمر ساجر,F,system_images/Y30722.jpg,٦ ٤   ٥ ٧ ٠   ٣ ١   ٥ ٨   ٣ ٠   ٤ ٥   ٨
288,عاطفة,مجتبى عبدالجميل عليم,F,system_images/Y30759.jpg,٤ ٣   ٦ ٦ ٤   ٠ ١   ٨ ٢   ٠ ١   ٤ ٦   ٤
289,مدركة,ركين درغام مطاوع,F,system_images/Y30762.jpg,١ ١   ٧ ٤ ٤   ٧ ٦   ٧ ٣   ٧ ٤   ٠ ٠   ٤
290,شهلاء,كنعان إبراهيم رائض,F,system_images/Y30764.jpg,١ ٧   ٧ ٢ ٦   ٠ ٣   ٧ ٥   ١ ٤   ٨ ٥   ١
291,مهرة,ناهل مزن مدحت,F,system_images/Y30772.jpg,٠ ٨   ٣ ٥ ٥   ٠ ٣   ٥ ٠   ٤ ٨   ٨ ٣   ١
292,مريم,عدنان عبدالنور سرمد,F,system_images/Y30792.jpg,٩ ٠   ٦ ٧ ٣   ٤ ٤   ٦ ٠   ٨ ١   ٧ ٩   ٤
293,ممدوحة,عبدالجميل خزعل هاشم,F,system_images/Y30796.jpg,٤ ٣   ٤ ٩ ٢   ٨ ٨   ٦ ٠   ١ ٩   ٩ ٥   ٦
294,فرح,نزيه هاشم رفعت,F,system_images/Y30809.jpg,٩ ٦   ٤ ٣ ٣   ٩ ٥   ٨ ٢   ٩ ٤   ٠ ٥   ٢
295,راما,عقلة غالي عائذ,F,system_images/Y30812.jpg,٩ ٦   ٤ ٧ ٢   ٨ ٣   ٩ ٨   ٤ ١   ١ ٤   ١
296,كفى,سهل عايض بديع,F,system_images/Y30813.jpg,٤ ٣   ٣ ٤ ٤   ٩ ٢   ٨ ٠   ٨ ٤   ٣ ٢   ٤
297,سفيانة,منيب نهيان أسد,F,system_images/Y30840.jpg,١ ٥   ٥ ١ ٦   ٠ ٢   ٨ ٩   ٥ ٠   ٨ ٨   ٦
298,نصر,علاء الدين سلطان عطاء,F,system_images/Y30861.jpg,٦ ٢   ٠ ٦ ٠   ١ ٩   ٣ ٨   ٠ ٠   ٩ ٦   ١
299,آمنة,شيبة هاجد ولاء الدين,F,system_images/Y30863.jpg,٤ ١   ٠ ٢ ٧   ٠ ٢   ١ ٣   ٤ ٣   ٧ ٤   ٢
300,ابتهال,عزت جابر لطيف,F,system_images/Y30864.jpg,٦ ٠   ٠ ٣ ٦   ٩ ٥   ٠ ٢   ٦ ٢   ٠ ٣   ٦
301,غلا,ثائر جبر منصور,F,system_images/Y30865.jpg,١ ٨   ٥ ٤ ٨   ٣ ٣   ٥ ٩   ١ ٤   ١ ٠   ١
302,سدن,عدوان مرزوق عيضة,F,system_images/Y30867.jpg,٠ ٧   ٠ ١ ٧   ٣ ٨   ٩ ٥   ٧ ٢   ٨ ٣   ٧
303,عائشة,آدم رشاد زاخر,F,system_images/Y30870.jpg,١ ٧   ٤ ٣ ٥   ٠ ٨   ١ ١   ٠ ٩   ٣ ٤   ٩
304,شجن,رزين ستار الخضر,F,system_images/Y30871.jpg,٠ ٤   ٣ ٦ ٣   ٠ ١   ٩ ٥   ٨ ٣   ٧ ٣   ٤
305,سمة,عادل عابد جهاد,F,system_images/Y30872.jpg,٠ ٢   ٥ ٣ ٨   ٦ ٧   ٥ ٤   ٣ ٠   ٩ ٨   ٨
306,أفكار,صابر عاطف أحمد,F,system_images/Y30873.jpg,٦ ٠   ٧ ٠ ٩   ١ ٢   ٤ ٤   ٠ ٧   ٣ ٧   ٨
307,عاطفة,رافي بدر رفعت,F,system_images/Y30874.jpg,٠ ٩   ٦ ٤ ٥   ٢ ٥   ٥ ٣   ٩ ٩   ٠ ٩   ٩
308,يارا,ركان زاهي عبدالباسط,F,system_images/Y30875.jpg,١ ٦   ٧ ٧ ٦   ٦ ٦   ٥ ٧   ٩ ٨   ٢ ٠   ٥
309,عبادة,قائد أشهم عبدالرحمن,F,system_images/Y30876.jpg,٠ ٤   ٢ ٩ ٨   ٢ ٠   ١ ٥   ٤ ٤   ٢ ٤   ٢
310,سميحة,طاهر سلامة مالك,F,system_images/Y30883.jpg,١ ٢   ٩ ٠ ٣   ٧ ١   ٦ ١   ٥ ٣   ٩ ٣   ٠
311,وتين,بكري نجم صافي,F,system_images/Y30924.jpg,٦ ٣   ٣ ٦ ٠   ٤ ٠   ٥ ٩   ٤ ٩   ٨ ٧   ٢
312,عزيزة,حمدان مهدي وهب,F,system_images/Y30933.jpg,٢ ٠   ٧ ٧ ٧   ٤ ٢   ٥ ٤   ٥ ٤   ٥ ١   ٤
313,مجاهدة,عبدو هاني صمصام,F,system_images/Y31010.jpg,١ ٩   ٧ ٢ ٧   ٥ ٥   ١ ٧   ٤ ٩   ١ ١   ٥
314,وميض,مشتاق ناصيف حكيم,F,system_images/Y31011.jpg,٩ ٣   ٠ ٧ ٣   ٥ ٩   ٤ ٩   ٨ ٩   ٨ ٤   ٠
315,غصون,زياد آدم باسط,F,system_images/Y31012.jpg,٥ ٧   ٦ ٨ ٢   ٢ ٥   ٤ ٤   ٤ ١   ٠ ٨   ٩
316,صائنة,زهير فائز مؤيد,F,system_images/Y31013.jpg,٨ ١   ٤ ٠ ٢   ٠ ٣   ٩ ٠   ٩ ٣   ٧ ٧   ٤
317,سيرين,رجاء عتابة محرز,F,system_images/Y31014.jpg,١ ٥   ٩ ١ ٧   ٠ ٨   ٥ ٠   ٤ ٩   ٤ ٢   ٠
318,راقية,مطاوع منيب مسلمة,F,system_images/Y31015.jpg,٥ ٣   ٩ ١ ٠   ١ ٤   ٧ ٠   ٩ ٥   ٨ ٣   ٥
319,وديعة,سيد ضاهر قدامة,F,system_images/Y31017.jpg,٨ ٣   ٠ ٩ ٢   ٨ ٠   ٦ ٢   ٢ ٤   ٩ ٧   ٨
320,ابتسام,رفعت علوان عدلي,F,system_images/Y31018.jpg,٨ ٥   ٧ ٢ ٤   ١ ٩   ٥ ٢   ١ ٠   ٨ ٤   ٥
321,رحاب,أسد عديل أمين,F,system_images/Y31019.jpg,٦ ٠   ٦ ٢ ٧   ٩ ٣   ١ ٥   ٥ ٥   ٢ ٥   ١
322,ريفان,منير عبدالجبار فاتح,F,system_images/Y31020.jpg,٢ ٦   ٨ ٠ ٨   ٨ ٠   ٧ ٧   ٠ ٠   ٧ ١   ٧
323,ريتال,خالص الحبيب أسامة,F,system_images/Y31095.jpg,٢ ٢   ٨ ٨ ٩   ٣ ٧   ٣ ٤   ٢ ٥   ٣ ٤   ٣
324,لينا,شبل ناصف مجاور,F,system_images/Y31096.jpg,٤ ٠   ٧ ٧ ٥   ٩ ٣   ٣ ٤   ٣ ٧   ١ ٠   ٢
325,منيرة,حسين حمدان ساجع,F,system_images/Y31129.jpg,٠ ٠   ٢ ٧ ٤   ٤ ٣   ٢ ٥   ٢ ٨   ٠ ٥   ٧
326,بلقيس,رديف مهيوب كميت,F,system_images/Y31136.jpg,٦ ٥   ٦ ٤ ٨   ١ ٩   ٧ ٣   ٧ ٤   ٦ ٣   ٨
327,ربى,فرج ضرام أبان,F,system_images/Y31138.jpg,٠ ٩   ٦ ٦ ٥   ٥ ٢   ٠ ٣   ٨ ٥   ٣ ٢   ٣
328,كفى,علوان فائق عبدالباقي,F,system_images/Y31139.jpg,٤ ٧   ٣ ٢ ٧   ١ ٨   ١ ٠   ٣ ٧   ٣ ٤   ٦
329,غيد,ثائب رفاعي عياش,F,system_images/Y31140.jpg,٥ ٩   ٦ ٩ ١   ٥ ٢   ٨ ٠   ٨ ٨   ٦ ٣   ٦
330,ثويبة,مطيع قائد جمعة,F,system_images/Y31141.jpg,٩ ٤   ٨ ٢ ٧   ٣ ٢   ٦ ٦   ٩ ٢   ٠ ٧   ٠
331,ميار,زبير بهلول طلال,F,system_images/Y31145.jpg,٨ ٠   ٤ ٥ ٥   ٨ ٨   ٠ ٠   ٣ ٦   ٩ ٨   ١
332,عائدة,أدغم ناجي كليم,F,system_images/Y31166.jpg,٥ ٢   ٩ ٧ ٨   ٤ ١   ٧ ٢   ١ ١   ٢ ١   ٠
333,لميس,زاهد نبيل مخلص,F,system_images/Y31188.jpg,٧ ٩   ٦ ٣ ١   ٢ ١   ٧ ٤   ٣ ٨   ٦ ٦   ٩
334,دعجاء,رزق نسيم برهان,F,system_images/Y31202.jpg,٢ ٠   ٢ ٤ ٩   ٣ ٨   ٣ ٠   ٤ ١   ٤ ٣   ٣
335,شيماء,ضرار بهاء هجرس,F,system_images/Y31215.jpg,٠ ٣   ٤ ٦ ٣   ٥ ١   ٢ ٨   ٨ ٦   ٥ ٣   ٤
336,بلقيس,جاسم عبدالحليم علوان,F,system_images/Y31217.jpg,٨ ٤   ٨ ٠ ٦   ٥ ٢   ٣ ٨   ٤ ٣   ٥ ٠   ١
337,عذبة,نجاد رافي مناحي,F,system_images/Y31219.jpg,٩ ١   ١ ٤ ٧   ٢ ٥   ٨ ٥   ٨ ٦   ٨ ٧   ٣
338,فرح,مروان دعيج زاهي,F,system_images/Y31230.jpg,٠ ٦   ٣ ٣ ٥   ٥ ٠   ٢ ٩   ٦ ٤   ٩ ٢   ٦
339,أسارير,عمير مقبل مشرف,F,system_images/Y31235.jpg,٨ ١   ٥ ٥ ٤   ٢ ٨   ٠ ٠   ٢ ٩   ٤ ٤   ٩
340,سلوى,جليل سداد عدي,F,system_images/Y31246.jpg,٠ ٨   ٧ ٢ ١   ٦ ٨   ٣ ١   ٣ ٦   ٠ ٥   ٠
341,تيسير,إبراهيم مقبل حارب,F,system_images/Y31247.jpg,٩ ٣   ٧ ٤ ٨   ٩ ٢   ٦ ٠   ٥ ٥   ٣ ٦   ٣
342,أمال,عيد مقتدي فاخر,F,system_images/Y31248.jpg,٨ ١   ١ ٠ ٦   ٢ ١   ٤ ٩   ٢ ٢   ٨ ٣   ١
343,سلمى,أحنف عبدالحميد مراد,F,system_images/Y31249.jpg,٨ ٦   ٥ ١ ٤   ٨ ٤   ٧ ٢   ٥ ٢   ١ ٣   ٠
344,سمراء,شفيع صائن رزق,F,system_images/Y31250.jpg,٦ ٤   ٣ ١ ٥   ٠ ٥   ٤ ١   ٣ ١   ٤ ٦   ٤
345,امتياز,ذبيان عبدالصمد ورد,F,system_images/Y31272.jpg,٣ ٥   ٨ ٩ ٤   ٥ ٤   ٧ ٦   ٥ ٣   ٦ ٤   ٥
346,ديما,شديد سداد ساجع,F,system_images/Y31273.jpg,٣ ٨   ١ ٩ ٥   ٧ ٤   ٩ ٦   ٩ ٥   ١ ٢   ٨
347,فائقة,مناحي ضرار شبل,F,system_images/Y31275.jpg,٩ ٢   ٤ ٨ ٩   ٧ ٠   ٠ ٧   ٦ ٤   ٥ ٨   ٩
348,باسلة,ساجد عليم ساجي,F,system_images/Y31278.jpg,٣ ٠   ٦ ١ ٣   ٢ ٦   ٤ ٠   ٠ ٦   ٦ ١   ٣
349,جبرة,عبدالرؤوف جهاد فراس,F,system_images/Y31279.jpg,١ ٨   ٨ ٣ ٤   ٢ ٣   ٥ ٠   ٩ ٠   ٢ ٥   ٣
350,بتول,هواري مبخوت داني,F,system_images/Y31280.jpg,٠ ٤   ٠ ٢ ٠   ٧ ٨   ٨ ١   ٥ ٣   ٢ ٤   ٠
351,ميادة,كنان وسيم عكرمة,F,system_images/Y31281.jpg,٢ ٣   ٠ ٢ ٠   ٠ ٠   ٠ ٨   ٣ ٣   ٢ ٧   ٤
352,سحر,مجدي أويس أزور,F,system_images/Y31282.jpg,٦ ٢   ٦ ٧ ٨   ٤ ٠   ١ ٤   ٣ ٧   ٨ ٨   ٧
353,توليب,مرحب خزعل برهان,F,system_images/Y31283.jpg,٤ ٢   ٣ ٥ ٥   ٥ ٢   ٣ ٣   ٤ ١   ٨ ٥   ٩
354,امتياز,أشرف ماضي حسان,F,system_images/Y31284.jpg,١ ٩   ٣ ٣ ٩   ٦ ١   ٣ ٧   ٠ ٣   ٨ ٦   ٧
355,كاتيا,عوف أيهم عبداللطيف,F,system_images/Y31287.jpg,٥ ٨   ٣ ٢ ٥   ٧ ٢   ٩ ٧   ٩ ١   ٤ ١   ٣
356,نداء,عيضة بهجت دغيم,F,system_images/Y31292.jpg,٠ ٨   ٩ ٦ ١   ٠ ٣   ٧ ٩   ٤ ٩   ٧ ٣   ٩
357,رهيفة,خطاب صبيح نظير,F,system_images/Y31335.jpg,٣ ٣   ٠ ٥ ١   ٠ ٩   ٥ ٣   ٧ ٠   ٥ ٩   ١
358,جميلة,عبدالقدوس رشيق مناحي,F,system_images/Y31336.jpg,٣ ٢   ٢ ٩ ١   ١ ٩   ٥ ٥   ٦ ٣   ٨ ٨   ٧
359,هاجر,متعب عكاشة نظمي,F,system_images/Y31339.jpg,٣ ١   ٣ ٥ ١   ٨ ٥   ٣ ٤   ٠ ٦   ٥ ٤   ٨
360,بارزة,رئيف حصيف مجتبى,F,system_images/Y31374.jpg,٨ ٩   ٧ ٠ ٠   ٣ ٥   ٥ ٧   ٨ ٧   ٤ ٤   ٣
361,لذة,حسنين ضاهر وليف,F,system_images/Y31382.jpg,٤ ٩   ٢ ٥ ٨   ٧ ٣   ٢ ٥   ٤ ٣   ٣ ٣   ٠
362,أمال,شهم خميس رضا,F,system_images/Y31383.jpg,٠ ٣   ٠ ٥ ٨   ٥ ٩   ٥ ٩   ٢ ١   ٠ ٩   ٩
363,الجوهرة,كاسر هلال خليفة,F,system_images/Y31405.jpg,٥ ٧   ٢ ٥ ٩   ٤ ٦   ٤ ٩   ٨ ٠   ٠ ٥   ٠
364,أماني,نضير شامخ عدوان,F,system_images/Y31406.jpg,١ ٣   ٩ ٧ ٧   ١ ٩   ٦ ٠   ٠ ٠   ٠ ١   ٣
365,نوار,حافظ غالب حيدر,F,system_images/Y31407.jpg,٨ ٥   ٨ ٨ ٨   ٠ ٠   ٠ ٩   ٢ ٤   ٢ ٩   ٥
366,جنا,حمد غسان غلاب,F,system_images/Y31413.jpg,٠ ٥   ٢ ٥ ٨   ٠ ٦   ٣ ٦   ٥ ٣   ١ ٦   ٤
367,وضحى,عمارة فيصل هائل,F,system_images/Y31433.jpg,٢ ٥   ١ ٣ ٤   ٧ ٨   ٨ ٦   ٤ ٥   ٨ ٧   ٢
368,دنيا,ذاكر سهيل سليم,F,system_images/Y31435.jpg,٧ ١   ٨ ٤ ٠   ٩ ٢   ١ ٧   ٦ ٨   ٨ ٩   ٣
369,نصر,خالص راضي رويشد,F,system_images/Y31444.jpg,١ ١   ١ ٩ ١   ٠ ٨   ٥ ٥   ٨ ٧   ٨ ٦   ٢
370,أمينة,فيض مدحة أشرف,F,system_images/Y31450.jpg,٣ ٠   ٦ ٥ ٩   ١ ٥   ٠ ٢   ٣ ٥   ٣ ١   ٠
371,سلطانة,عبدالحليم سامح عتابة,F,system_images/Y31499.jpg,٨ ٧   ٥ ١ ٧   ١ ٨   ٠ ٦   ٧ ٤   ٤ ٦   ٨
372,ضياء,كاسر أسعد ابراهيم,F,system_images/Y31500.jpg,٥ ٤   ٧ ١ ٦   ٧ ٧   ٠ ٩   ٤ ٤   ٢ ٤   ٨
373,رنا,سهل جراح شوقي,F,system_images/Y31506.jpg,٧ ٦   ١ ١ ٦   ٤ ٦   ٧ ١   ١ ٨   ١ ٨   ٧
374,آية,باتل شبيب رشيد,F,system_images/Y31507.jpg,٧ ١   ٤ ٩ ١   ٩ ٥   ٦ ٤   ٦ ٣   ٣ ٥   ٨
375,لمياء,أريب خميس زاهد,F,system_images/Y31508.jpg,٢ ٨   ٨ ٩ ٨   ٣ ٠   ٣ ١   ٨ ٣   ٢ ٤   ١
376,عفاف,خميس المثنى كميت,F,system_images/Y31523.jpg,٣ ٣   ٨ ٤ ٢   ٣ ١   ٧ ١   ٥ ٦   ٢ ٦   ٧
377,عنود,سعيد مناحي سرور,F,system_images/Y31542.jpg,٤ ٦   ٨ ٠ ٤   ٦ ٠   ١ ٤   ٧ ٣   ٣ ٨   ٨
378,شوق,مرشد عبدالحميد عبدالحي,F,system_images/Y31546.jpg,٠ ٧   ٢ ٨ ٩   ٣ ٢   ٩ ٩   ٢ ٤   ٥ ٣   ٤
379,نظيرة,قطب عاطف تواب,F,system_images/Y31556.jpg,٦ ٢   ٤ ١ ٨   ٤ ٣   ٧ ٢   ٨ ٢   ٩ ٤   ٤
380,حوراء,زايد عاطف صمصام,F,system_images/Y31560.jpg,٠ ٩   ٥ ٦ ٠   ٨ ٦   ٨ ٣   ٧ ٩   ٦ ٦   ٧
381,إقبال,حسان ريان زاخر,F,system_images/Y31561.jpg,٢ ٧   ٥ ٧ ٨   ١ ٣   ٢ ٩   ٣ ٠   ٨ ٥   ٨
382,عزيزة,إسلام قاهر شهاب,F,system_images/Y31562.jpg,١ ١   ٨ ٠ ٠   ٤ ٤   ٧ ٠   ٠ ٧   ٨ ٠   ٤
383,ريماس,ناشد رحال ميثم,F,system_images/Y31563.jpg,٦ ٣   ٠ ٩ ١   ٠ ٥   ٤ ٤   ٠ ٤   ٥ ٥   ٨
384,عزة,رافق موفق قتادة,F,system_images/Y31564.jpg,٩ ٦   ٦ ٢ ٤   ٢ ٠   ٨ ٩   ٢ ٣   ٨ ٤   ٥
385,إباء,عدي راغد مثاب,F,system_images/Y31565.jpg,٣ ٤   ٧ ٥ ١   ٦ ٨   ٦ ٢   ٨ ٧   ٢ ٨   ٣
386,مرح,شاكر عبدالملك ضاهر,F,system_images/Y31566.jpg,٣ ٢   ٦ ٧ ٢   ٦ ٤   ٥ ٢   ٣ ٧   ٧ ٧   ٩
387,ورد,سرمد عليان جودة,F,system_images/Y31567.jpg,٣ ٣   ٩ ٣ ١   ٧ ٥   ٨ ٣   ٢ ٧   ٧ ٩   ٣
388,كريمة,فاخر نضال فخري,F,system_images/Y31571.jpg,٢ ٧   ١ ٩ ١   ٨ ١   ٨ ١   ٨ ٦   ٤ ٦   ٤
389,سمراء,مسيب شمر زبير,F,system_images/Y31572.jpg,١ ٣   ٧ ٢ ٨   ١ ٦   ٨ ٣   ٥ ٧   ١ ٠   ٩
390,ازدهار,حامد نصوح رفيع,F,system_images/Y31584.jpg,٣ ٧   ٢ ٥ ٨   ٦ ٣   ٩ ٥   ٨ ٦   ١ ٢   ٨
391,سهام,عقل نجم ساعد,F,system_images/Y31585.jpg,٨ ٦   ٠ ٥ ٣   ٥ ٥   ٧ ٧   ٧ ٤   ٤ ٢   ٣
392,زكية,متعب عبدالمجيد مرحب,F,system_images/Y31604.jpg,٨ ٦   ٠ ٥ ٥   ٩ ٣   ٠ ٤   ١ ٢   ٩ ٠   ٦
393,خزنة,رضي أسد أرغد,F,system_images/Y31638.jpg,٥ ٧   ٧ ٥ ٨   ٤ ٨   ١ ٨   ٦ ٥   ١ ٣   ١
394,روز,ساجع صادر أويس,F,system_images/Y31640.jpg,٧ ٢   ٢ ٤ ٣   ٨ ١   ٢ ٠   ٤ ٨   ٧ ٨   ٦
395,سها,عبداللطيف عكرمة دعيج,F,system_images/Y31642.jpg,٧ ٣   ٣ ٤ ٢   ١ ٤   ٤ ٦   ٧ ٦   ٧ ٩   ٧
396,وليفة,عبدالملك خضر أصيل,F,system_images/Y31643.jpg,٣ ٦   ٧ ٧ ١   ٩ ٧   ٤ ٩   ٣ ٨   ٨ ٤   ٦
397,باسطة,محرز فيضي نصيف,F,system_images/Y31656.jpg,٠ ٢   ٧ ٩ ٢   ٧ ٤   ٣ ٥   ٧ ٢   ٥ ١   ٢
398,شذى,أنمار بسيم نوري,F,system_images/Y31657.jpg,٣ ٧   ٩ ٦ ٨   ٦ ١   ٠ ٤   ٠ ٥   ٦ ٩   ٩
399,أريج,دهيم غافر راتب,F,system_images/Y31658.jpg,٩ ٣   ٩ ٣ ٨   ١ ٣   ٥ ٦   ١ ٧   ٦ ٣   ٣
400,دنيا,مقتدي شوكت عبادة,F,system_images/Y31660.jpg,٤ ٠   ٩ ١ ٢   ٧ ٨   ٧ ٨   ٦ ٥   ٠ ٣   ٦
401,ليلى,أصيل عبادة صارم,F,system_images/Y31674.jpg,٩ ٨   ٩ ٣ ٤   ٦ ٩   ٥ ١   ٩ ٠   ٢ ٥   ٦
402,رابعة,عدلي عون البراء,F,system_images/Y31693.jpg,١ ٨   ٨ ٩ ٣   ٣ ٣   ٦ ١   ٢ ٤   ١ ٩   ٨
403,حياة,عبدالظاهر خزعل ساري,F,system_images/Y31694.jpg,٠ ٤   ١ ١ ١   ٦ ٥   ٢ ٨   ٥ ٣   ٨ ٣   ٩
404,أغاريد,غازي جبل رياض,F,system_images/Y31695.jpg,٥ ٤   ٤ ٤ ٦   ٤ ١   ٩ ٨   ١ ٦   ٦ ٠   ٠
405,فرح,أرغد نصر خالص,F,system_images/Y31697.jpg,٢ ٦   ٣ ١ ٦   ٥ ٣   ٥ ٩   ٦ ٣   ٤ ٨   ٢
406,جويرية,قصي علوان نسيم,F,system_images/Y31698.jpg,٦ ٤   ٥ ٧ ٠   ٤ ٤   ٠ ٦   ٩ ٦   ٦ ٩   ٦
407,روز,سفيان معاذ مظهر,F,system_images/Y31699.jpg,٠ ٣   ٣ ٨ ٢   ٦ ٦   ٢ ٥   ٦ ٩   ٢ ٧   ٤
408,ابتهال,حافظ مرشد عبدالحميد,F,system_images/Y31700.jpg,٠ ٨   ٢ ٨ ٩   ٠ ٢   ٠ ٦   ١ ٦   ٣ ٢   ٣
409,هاجر,عبدالرشيد سامح يزيد,F,system_images/Y31701.jpg,٨ ٩   ٧ ٨ ٦   ٢ ٠   ١ ٠   ١ ٣   ١ ٩   ٧
410,هدى,جهاد وارف جبران,F,system_images/Y31703.jpg,٤ ٩   ١ ٧ ٩   ١ ٧   ٨ ٤   ٣ ٣   ٢ ٩   ٣
411,بديعة,جبل زغلول ربيح,F,system_images/Y31704.jpg,٨ ٨   ٥ ٤ ٤   ٦ ٨   ٤ ٨   ٢ ٨   ٤ ٩   ٨
412,إسعاد,عبدالحي زاهر جساس,F,system_images/Y31726.jpg,٨ ٣   ٧ ٤ ٠   ٤ ٤   ٦ ٨   ١ ٩   ٢ ٥   ٦
413,إسعاد,جرير أرقم ضرام,F,system_images/Y31729.jpg,٠ ١   ١ ٥ ٧   ١ ٤   ٨ ٨   ٥ ٣   ٢ ٠   ٥
414,رغد,مناف رؤوف محرز,F,system_images/Y31743.jpg,٦ ٥   ١ ٢ ١   ٣ ٠   ٦ ٦   ١ ٠   ٣ ٦   ٠
415,هوازن,عوني صقر شافع,F,system_images/Y31764.jpg,٦ ٨   ٥ ٥ ٥   ٤ ٥   ٤ ٢   ٧ ٧   ٤ ٣   ١
416,نوف,نشأت عيد هلال,F,system_images/Y31777.jpg,٠ ٦   ٦ ٧ ١   ١ ٥   ٣ ٢   ٣ ٦   ١ ٣   ١
417,رضا,غفار جعفر ناصح,F,system_images/Y31818.jpg,٤ ٥   ٢ ٢ ٧   ١ ٠   ٤ ٣   ٨ ٦   ٢ ٧   ٧
418,أنيسة,نسيم علاء الدين نسيب,F,system_images/Y31819.jpg,٣ ٢   ٦ ٨ ٤   ٥ ٢   ٢ ١   ٨ ٩   ٥ ٩   ٩
419,سارا,أشقر ستار زبير,F,system_images/Y31820.jpg,٣ ٠   ٢ ٦ ٦   ٤ ٧   ١ ٧   ٣ ٤   ٥ ٦   ٢
420,ريمة,مرداس باسط فتيح,F,system_images/Y31827.jpg,٨ ٨   ١ ٩ ٠   ٨ ٦   ٠ ٥   ٤ ٠   ٩ ٠   ٠
421,ريا,سالم مشرف خازن,F,system_images/Y31829.jpg,٨ ٦   ٥ ٣ ٧   ٤ ٠   ٠ ٨   ٠ ٩   ٦ ١   ٥
422,ممدوحة,ناصر الدين جابر عبدالغني,F,system_images/Y31830.jpg,٨ ٢   ٨ ٣ ٥   ٦ ٧   ٣ ٢   ٠ ٠   ٣ ٠   ٦
423,فريدة,سهل عائذ نصار,F,system_images/Y31831.jpg,٥ ٥   ٩ ٦ ٤   ٩ ٦   ٣ ٤   ١ ٣   ٣ ٠   ٠
424,حنان,رغال أشجع ثابت,F,system_images/Y31832.jpg,١ ٣   ٢ ٦ ٠   ٣ ٠   ٩ ٦   ٧ ٧   ٥ ٧   ٦
425,رانيا,وليد مديد جواد,F,system_images/Y31833.jpg,٤ ٧   ٨ ٠ ٣   ٥ ٣   ٤ ٣   ٨ ٩   ٢ ٦   ٣
426,هانئة,هاني باسل نديم,F,system_images/Y31834.jpg,٣ ٦   ٩ ٣ ٦   ٤ ٧   ٠ ٨   ٢ ١   ٩ ٢   ٨
427,دانية,ناصيف ساهد ذعار,F,system_images/Y31835.jpg,٨ ٥   ١ ٧ ٩   ١ ٨   ٠ ٦   ٦ ٣   ٧ ٧   ٤
428,وضحى,حجر عايض صديق,F,system_images/Y31836.jpg,١ ٣   ١ ٩ ٥   ٤ ٢   ٥ ٠   ٢ ٩   ٩ ٥   ٨
429,رسمية,بكار حميد عبدالجليل,F,system_images/Y31837.jpg,٦ ٥   ٠ ٣ ٣   ٤ ١   ٥ ٧   ٦ ٧   ٧ ٥   ٦
430,لبانة,صافي شافي سنان,F,system_images/Y31838.jpg,٠ ٢   ١ ٦ ٣   ٩ ١   ٩ ٣   ٨ ٢   ٥ ٧   ٢
431,أطياف,أشهم كهلان سلطان,F,system_images/Y31839.jpg,٥ ٨   ٩ ١ ١   ٨ ٨   ٥ ٠   ٨ ٤   ١ ٧   ٧
432,ريا,بطرس جدعان فارع,F,system_images/Y31866.jpg,٤ ٧   ٩ ٠ ٠   ٩ ٠   ٠ ٣   ٦ ٠   ١ ٢   ٥
433,ماهة,حسني صاعد عبده,F,system_images/Y31871.jpg,٣ ١   ١ ٢ ٢   ٧ ٥   ٤ ٦   ٣ ٩   ٠ ٥   ٢
434,أمال,مفتاح راكان خباب,F,system_images/Y31876.jpg,١ ٣   ٥ ٢ ١   ٠ ٤   ٣ ٣   ٠ ٨   ٦ ٤   ٠
435,ظافرة,عوني أكثم رسول,F,system_images/Y31882.jpg,٧ ٩   ١ ٧ ٦   ٧ ١   ٣ ٤   ٩ ٢   ٢ ٣   ٧
436,غرام,رويشد مزن مخلف,F,system_images/Y31900.jpg,٧ ٢   ٠ ٩ ٥   ٨ ٢   ٠ ٤   ٠ ٩   ١ ٨   ٤
437,ريفان,عدلي سمعون بكار,F,system_images/Y31904.jpg,٩ ٨   ١ ٧ ١   ٣ ١   ٣ ٢   ٠ ٣   ٥ ٠   ٩
438,ساهرة,أنعم حفص مجاور,F,system_images/Y31907.jpg,٣ ٩   ٨ ٥ ٣   ٩ ٥   ٣ ٩   ٠ ٤   ٩ ٥   ٣
439,تمارة,مساعد طارق عبدالصمد,F,system_images/Y31911.jpg,١ ٨   ٧ ٦ ٥   ١ ١   ٣ ٢   ٤ ٣   ٥ ٢   ٥
440,رهيفة,عبدالنور ثروت شمر,F,system_images/Y31912.jpg,٤ ٧   ٢ ٩ ٤   ٩ ٧   ٠ ٨   ١ ٤   ١ ٦   ٨
441,مطيعة,داني شمر ناشئ,F,system_images/Y31913.jpg,٥ ٩   ٩ ٣ ٢   ٥ ٣   ٣ ٤   ٠ ٨   ٣ ٠   ٦
442,نزيهة,قاهر ولاء الدين ركان,F,system_images/Y31917.jpg,١ ٧   ٣ ٤ ٢   ٤ ٣   ٥ ٢   ٣ ٥   ٥ ٠   ٢
443,زاهية,وسيم عرفات حفص,F,system_images/Y31938.jpg,٩ ٠   ٦ ٤ ١   ٥ ٠   ١ ٩   ٦ ٧   ٤ ١   ٠
444,مسك,عبدالرؤوف عائذ هود,F,system_images/Y31939.jpg,٤ ٩   ٥ ٠ ٢   ٤ ٤   ٧ ٠   ١ ٦   ٩ ٢   ٣
445,نزيهة,جليل قسام لمعي,F,system_images/Y31940.jpg,٦ ٢   ٨ ٣ ٤   ٤ ٠   ٢ ٧   ١ ٩   ٣ ١   ٩
446,مغيثة,دريد عبدالرقيب خميس,F,system_images/Y31971.jpg,٠ ١   ٣ ٨ ١   ٨ ٠   ٧ ٥   ٩ ١   ٣ ٩   ٨
447,ريتاج,فؤاد سهيل نسيم,F,system_images/Y31981.jpg,٢ ١   ٤ ٤ ٦   ٩ ٧   ٦ ٦   ٢ ٧   ٦ ٢   ٧
448,بلقيس,همام فؤاد فاتح,F,system_images/Y31982.jpg,٥ ٨   ٣ ٠ ٨   ٢ ٠   ١ ١   ٩ ٩   ٢ ٠   ١
449,بلقيس,بشير برهان نصيف,F,system_images/Y31983.jpg,٤ ٣   ٨ ٨ ٣   ٤ ١   ١ ٨   ٠ ١   ٤ ٣   ٨
450,هنوف,حسين نبال رفعت,F,system_images/Y31984.jpg,٤ ٢   ٩ ٦ ١   ٧ ٩   ٤ ٦   ٠ ٨   ٥ ٤   ٥
451,رفيدة,ساري عابد حسن,F,system_images/Y31986.jpg,٨ ٧   ٥ ٠ ٩   ٤ ٣   ١ ٤   ٤ ٤   ٨ ٦   ٤
452,لطفية,مجتبى عراد بكري,F,system_images/Y31987.jpg,٧ ٤   ١ ٢ ٣   ٠ ٢   ٥ ٩   ٢ ٥   ٧ ٧   ٦
453,إقبال,ناصر عزت عبدالظاهر,F,system_images/Y31988.jpg,٦ ٣   ٩ ٣ ٢   ٤ ٣   ٧ ٧   ٤ ١   ٦ ٢   ١
454,منيبة,فضل عائذ عبودة,F,system_images/Y31989.jpg,٢ ٣   ٧ ٢ ٠   ٨ ١   ٦ ٦   ٢ ٩   ٩ ٧   ٣
455,دنيا,خليل شيبة أكمل,F,system_images/Y31990.jpg,٧ ٢   ٣ ٤ ٥   ٥ ٨   ١ ٦   ٧ ١   ٦ ٧   ٨
456,باركة,مرداس سويد فلوح,F,system_images/Y31991.jpg,٠ ٠   ٩ ٠ ٥   ٤ ٦   ٢ ٤   ٥ ٤   ٧ ٤   ٤
457,جيداء,عراد نصر خليل,F,system_images/Y31992.jpg,٦ ٦   ٥ ٤ ٣   ٧ ٢   ١ ٠   ٨ ٥   ٥ ٣   ٠
458,لبنى,مسفر غلاب ناصر الدين,F,system_images/Y32023.jpg,٣ ٠   ٠ ١ ٠   ٤ ٠   ٧ ٢   ٢ ١   ٦ ١   ٧
459,عبادة,قاسم فادي حاشد,F,system_images/Y32026.jpg,٤ ٩   ٩ ٣ ٧   ٣ ٠   ٦ ٧   ٧ ٨   ٩ ٠   ٢
460,أمجاد,ضرار شفيق جنادة,F,system_images/Y32027.jpg,٦ ٩   ٠ ٥ ٤   ٢ ٥   ٢ ٣   ٦ ٩   ٤ ٧   ٤
461,وجدان,همام اسلم عبدالرشيد,F,system_images/Y32028.jpg,٨ ٦   ٦ ٧ ٧   ٩ ١   ١ ١   ٧ ٢   ٢ ٥   ٠
462,افتكار,أسمر فيض حكيم,F,system_images/Y32029.jpg,١ ٥   ٣ ٤ ٩   ٠ ٤   ١ ٧   ٣ ٥   ٤ ٥   ٠
463,يمن,زين ماهر جواد,F,system_images/Y32064.jpg,٠ ٨   ٣ ٨ ٦   ٩ ٤   ٢ ٢   ٣ ٢   ٣ ٦   ١
464,نبيلة,أشرف جواد علوان,F,system_images/Y32076.jpg,٥ ٥   ٠ ٣ ٣   ٧ ٠   ٤ ٨   ٣ ٣   ٨ ٢   ٤
465,كريمة,حواس فرناس زاهي,F,system_images/Y32077.jpg,٧ ٩   ٠ ٣ ٨   ٦ ٠   ٠ ٨   ٤ ٦   ٣ ٩   ٣
466,شهلاء,غسان ساجر إسلام,F,system_images/Y32092.jpg,٩ ٧   ١ ٢ ٧   ٠ ٦   ٦ ٦   ٥ ١   ١ ٣   ٧
467,وجدان,بكر تغلب راضي,F,system_images/Y32094.jpg,٣ ٥   ٣ ٦ ١   ٣ ٩   ٢ ٧   ٨ ٥   ٧ ٣   ٥
468,أماني,إدريس غالب وهاب,F,system_images/Y32105.jpg,٣ ٥   ٣ ٦ ٩   ٧ ٩   ١ ٦   ٢ ٨   ٤ ٤   ٦
469,سهيلة,وليف مسلم حزام,F,system_images/Y32108.jpg,٣ ٦   ٠ ٨ ٠   ٧ ٠   ٧ ٢   ١ ١   ٤ ٢   ٨
470,شيماء,مشرف جودة راشد,F,system_images/Y32112.jpg,٢ ٨   ٩ ٨ ٧   ٣ ٩   ٣ ٣   ٨ ٩   ٣ ٥   ١
471,مدركة,أمجد عرفات أمين,F,system_images/Y32128.jpg,٩ ٩   ٩ ٨ ٢   ٨ ٩   ٤ ٤   ٨ ٨   ٨ ٣   ٨
472,ناصحة,عصام لقمان درغام,F,system_images/Y32169.jpg,٢ ٠   ٤ ٣ ٦   ٥ ٦   ٥ ٦   ١ ٤   ٧ ٠   ٦
473,خالدة,عليان معاد عبدالقدوس,F,system_images/Y32170.jpg,٣ ٨   ٢ ٩ ٣   ٤ ٢   ٣ ٨   ٦ ٠   ٥ ٥   ٣
474,بهيجة,أمجد مالك مشرف,F,system_images/Y32199.jpg,٤ ٣   ٩ ٨ ٧   ٩ ٨   ٢ ٥   ٠ ٤   ٠ ١   ٣
475,مرهفة,شريح مسفر كنعان,F,system_images/Y32200.jpg,٧ ٤   ٥ ٣ ٥   ٤ ٤   ٣ ٠   ٧ ٤   ٥ ٤   ٥
476,نجلاء,رزق أحنف عبده,F,system_images/Y32203.jpg,٢ ٧   ٨ ٧ ٤   ٢ ٥   ٥ ٣   ٢ ٧   ٥ ١   ٧
477,قنوت,غانم قطامي عمير,F,system_images/Y32239.jpg,٨ ٢   ٢ ٦ ٦   ٤ ٤   ٥ ٤   ٧ ٨   ١ ٧   ٦
478,أريام,وسام مستور فيضي,F,system_images/Y32240.jpg,٢ ٣   ٣ ١ ٢   ٥ ٦   ٦ ٧   ٠ ٥   ٣ ٣   ٧
479,نورس,نديم هادي مظفر,F,system_images/Y32241.jpg,٤ ٤   ٨ ٥ ٦   ٣ ٠   ١ ٩   ٥ ٨   ٤ ٧   ١
480,أنغام,عجرم عبدالباقي حنبل,F,system_images/Y32242.jpg,٥ ٧   ١ ٩ ٩   ١ ٢   ٩ ٠   ٩ ٩   ٢ ٨   ٣
481,لمياء,حجاب بادي شاهد,F,system_images/Y32243.jpg,٩ ٩   ٩ ٥ ٢   ٧ ٦   ٥ ٢   ٦ ٧   ١ ٧   ٩
482,يسرا,شماخ فارس بلال,F,system_images/Y32244.jpg,٠ ٩   ٩ ٩ ٥   ٣ ١   ٠ ٠   ٠ ٢   ٤ ٤   ٨
483,صابرة,طارق فاضل غنيم,F,system_images/Y32245.jpg,٨ ٧   ٨ ٨ ٣   ٣ ١   ٧ ٣   ٨ ٤   ٣ ٠   ١
484,توليب,غياث نادر معلوف,F,system_images/Y32246.jpg,٣ ٣   ١ ٥ ٦   ٣ ٤   ٣ ٤   ٧ ٣   ٧ ٠   ٨
485,جيداء,قيس أرقم حنظلة,F,system_images/Y32247.jpg,٣ ٤   ١ ٧ ٣   ٤ ٧   ٨ ٥   ٤ ٤   ٤ ٠   ٢
486,رفعة,لبيب رائض بشار,F,system_images/Y32248.jpg,٥ ١   ٤ ٢ ٢   ٩ ٥   ١ ٦   ٧ ١   ٤ ٦   ١
487,ردينة,منتظر عبيد أنمار,F,system_images/Y32249.jpg,٠ ٤   ٣ ٨ ٠   ٣ ١   ٣ ٢   ٧ ٥   ٣ ١   ٠
488,رسيمة,عياش نسيب صميم,F,system_images/Y32250.jpg,٥ ١   ٥ ٧ ٢   ٣ ٤   ٤ ٨   ٧ ٧   ٩ ٣   ٣
489,البندري,نبيه غيث مناع,F,system_images/Y32251.jpg,٩ ٠   ٢ ٩ ٨   ٩ ٧   ٣ ١   ٨ ٤   ٣ ٣   ٣
490,رحاب,قطامي سمعون حمدون,F,system_images/Y32252.jpg,٨ ٧   ٦ ٢ ٦   ٤ ٣   ١ ٢   ٤ ٠   ٨ ٨   ٥
491,سجى,يزيد معد إسماعيل,F,system_images/Y32277.jpg,٧ ٤   ٢ ٣ ٨   ٦ ٨   ١ ٧   ٧ ٨   ٢ ٢   ٩
492,لين,خلف نايف ريان,F,system_images/Y32307.jpg,٤ ٢   ٣ ٥ ٢   ١ ٥   ٦ ٠   ٠ ١   ٥ ٠   ٩
493,مسفرة,وهب صافي ساهر,F,system_images/Y32309.jpg,٥ ٥   ٨ ٣ ٢   ٠ ٤   ٧ ١   ٤ ٩   ٩ ٣   ٨
494,حسناء,مهاب عمارة جرير,F,system_images/Y32310.jpg,٧ ٦   ٤ ٦ ٧   ٩ ٦   ٥ ٠   ٣ ٦   ١ ٤   ٩
495,شجن,رشيد عزيز وليد,F,system_images/Y32336.jpg,٢ ٧   ٥ ٢ ٩   ٦ ٤   ٣ ٤   ٤ ٧   ٣ ٦   ٩
496,نجيبة,باسل حسني جواد,F,system_images/Y32339.jpg,٦ ٣   ٧ ٨ ٨   ٩ ٢   ٥ ٢   ٠ ٥   ١ ٩   ٥
497,وجدان,ساري صاعد سلطان,F,system_images/Y32352.jpg,٧ ٦   ٦ ٩ ٦   ٧ ٣   ٧ ٢   ٣ ٤   ١ ١   ١
498,ناهية,رامز مجاور حسن,F,system_images/Y32353.jpg,٤ ٧   ١ ٣ ٦   ٥ ١   ٣ ٦   ١ ٩   ٣ ٧   ٤
499,جوهرة,منصور دحام حسنين,F,system_images/Y32358.jpg,٦ ٦   ٧ ٥ ١   ٥ ٦   ٦ ٥   ٧ ٠   ٠ ٢   ٣
500,عيدة,رياض شوكت حنظلة,F,system_images/Y32395.jpg,١ ٩   ٧ ٥ ٦   ٠ ٧   ٧ ٤   ١ ٦   ٢ ٦   ١
501,بتول,شهاب مصعب شكور,F,system_images/Y32398.jpg,٤ ٦   ٧ ٦ ٠   ٧ ٣   ١ ٨   ٦ ٨   ٠ ٥   ١
502,ديما,عبدالملك شوقي زايد,F,system_images/Y32399.jpg,٧ ٤   ٢ ٧ ٩   ٣ ٩   ٨ ٦   ٩ ٨   ٨ ٥   ٦
503,شموخ,مرسي مسلم تركي,F,system_images/Y32400.jpg,٢ ١   ٤ ٨ ٣   ٥ ٦   ٥ ٣   ٢ ٩   ٧ ٢   ٥
504,إيناس,عز جراح عبودة,F,system_images/Y32401.jpg,٣ ٥   ٥ ٢ ٥   ٦ ٥   ٣ ٥   ١ ٣   ٩ ٦   ٣
505,العنود,فاتح ناجي هشام,F,system_images/Y32402.jpg,٣ ٢   ٤ ٢ ٧   ٩ ٢   ٨ ٦   ٨ ٩   ٣ ٩   ٧
506,راقية,مالك مراد غيث,F,system_images/Y32403.jpg,١ ٦   ٧ ٩ ٧   ٨ ٠   ٣ ٨   ٧ ٥   ٠ ٠   ٦
507,إباء,منتصر ذباح كليم,F,system_images/Y32404.jpg,٨ ٠   ٢ ٦ ٤   ٤ ٢   ٧ ٣   ٥ ٦   ٩ ٤   ٧
508,لوزت,أغلب نصرة صميم,F,system_images/Y32405.jpg,٤ ٠   ١ ٤ ٩   ٤ ٨   ٤ ٧   ٩ ٧   ٥ ٤   ٩
509,مثابة,طارق لبيد سارح,F,system_images/Y32406.jpg,٣ ٤   ٠ ٣ ٢   ٢ ٧   ٦ ٦   ٥ ٥   ٤ ٢   ٦
510,أنغام,عدي راضي براء,F,system_images/Y32419.jpg,٦ ٤   ٨ ٧ ٩   ٩ ٢   ١ ٠   ٥ ٦   ٤ ٨   ٣
511,حصة,هجرس رامز درغام,F,system_images/Y32420.jpg,٦ ٩   ٠ ٣ ٩   ٦ ٢   ٤ ١   ٣ ٧   ٨ ٨   ١
512,دينا,فراس ذبيان هانئ,F,system_images/Y32430.jpg,٠ ٢   ٤ ٧ ٧   ٠ ٨   ٩ ٠   ٢ ٨   ١ ٣   ٦
513,آمنة,جعفر عدوان غياث,F,system_images/Y32446.jpg,٩ ٣   ٨ ٦ ٨   ٦ ٨   ٩ ٧   ٤ ٨   ٩ ٧   ٦
514,هاجر,صابر جبر بشارة,F,system_images/Y32461.jpg,٣ ٤   ٥ ٦ ٨   ٧ ٩   ٧ ٨   ٥ ١   ٥ ٣   ٧
515,أفراح,سادن نصر فهد,F,system_images/Y32463.jpg,٦ ٧   ٣ ٥ ٩   ٠ ٣   ٧ ٢   ٠ ٣   ٤ ٢   ٠
516,اعتدال,محبوب فرناس مرزوق,F,system_images/Y32479.jpg,٦ ٧   ٦ ٢ ٥   ٤ ٣   ٠ ٥   ٥ ١   ٩ ٨   ٧
517,اعتماد,عميد حاشد عبدالهادي,F,system_images/Y32481.jpg,١ ٤   ٣ ٣ ٢   ٥ ٣   ٣ ٤   ٤ ٥   ٦ ٣   ٨
518,رنيم,رويشد صادر عون,F,system_images/Y32532.jpg,٩ ٤   ١ ٠ ٠   ٢ ١   ١ ٨   ٤ ٠   ١ ٤   ٣
519,انبهاج,ثنيان صميم ولاء الدين,F,system_images/Y32536.jpg,٤ ٨   ٢ ٤ ٤   ٦ ٥   ٨ ٤   ٦ ٤   ٧ ٧   ٧
520,ديما,ملهم قدامة ناصف,F,system_images/Y32537.jpg,٧ ٥   ٦ ٤ ٦   ٢ ٤   ٨ ١   ٦ ٦   ٣ ٠   ٥
521,ملهمة,راسم سيف مهدي,F,system_images/Y32538.jpg,٩ ١   ٤ ٦ ٤   ٣ ١   ٣ ٣   ٠ ٩   ٢ ٤   ٩
522,إسعاد,ذاكر سبع قابوس,F,system_images/Y32547.jpg,٢ ١   ٨ ٩ ٤   ٢ ٥   ١ ٨   ٨ ٢   ٠ ٢   ٥
523,إيناس,نائل أيوب أسامة,F,system_images/Y32548.jpg,٨ ٤   ١ ٥ ١   ٧ ٥   ٦ ٦   ٤ ٤   ٢ ٨   ٨
524,سعاد,سميح وليف مغيث,F,system_images/Y32560.jpg,٩ ٥   ٤ ٧ ٧   ٥ ٥   ٢ ٠   ٥ ٣   ٥ ٤   ٢
525,مروى,هريرة عنتر معن,F,system_images/Y32563.jpg,٨ ٩   ٥ ٧ ٣   ٥ ١   ٤ ٥   ٧ ٩   ٤ ٦   ٨
526,ليالي,راسم مطلق علاء الدين,F,system_images/Y32564.jpg,٩ ٨   ١ ٢ ٦   ٠ ٢   ٧ ٩   ٩ ٩   ١ ٤   ٤
527,تغاني,عبدالحليم موفق قصي,F,system_images/Y32565.jpg,٠ ٧   ٦ ٢ ٥   ٤ ٧   ٢ ٠   ٢ ٦   ٥ ٤   ١
528,وفاء,غلاب سارح رماح,F,system_images/Y32581.jpg,١ ٢   ١ ٣ ١   ٤ ٢   ٩ ٦   ٠ ٤   ٥ ٣   ٦
529,نهاد,جدعان تائب نجدة,F,system_images/Y54605.jpg,٢ ٦   ٩ ٣ ٠   ٤ ٥   ٩ ٨   ٨ ١   ٩ ٧   ٢
